label,attempt,target_hw,flow_hint,seed_flow,result_flow,result_hw,result_outlet_velocity,flow_type,length_full_m,length_free_m,upstream_hw,downstream_tw,inlet_invert,outlet_invert,culvert_length,culvert_slope,barrel_count,section_shape,section_diameter,section_width,section_height,roadway_crest,workspace,rst_path,row_index
Culvert-01-hw5.00,0,551.100000,,0.000000,0.000000,546.500000,0.000000,0-NF,0.000000,0.000000,551.100000,546.500000,546.100000,546.000000,25.000000,0.004000,10,circular,0.900000,,,564.100000,hy8_runs\hy8-Culvert-01-hw5.00-24ce4a,hy8_runs\hy8-Culvert-01-hw5.00-24ce4a\circular_hy8-Culvert-01-hw5.00-24ce4a.rst,1
Culvert-01-hw5.00,0,551.100000,,6.253696,6.250000,546.900000,1.720000,3-M2t,0.000000,25.000000,551.100000,546.500000,546.100000,546.000000,25.000000,0.004000,10,circular,0.900000,,,564.100000,hy8_runs\hy8-Culvert-01-hw5.00-24ce4a,hy8_runs\hy8-Culvert-01-hw5.00-24ce4a\circular_hy8-Culvert-01-hw5.00-24ce4a.rst,2
Culvert-01-hw5.00,0,551.100000,,12.507392,12.510000,547.550000,2.490000,7-M2c,14.190000,10.810000,551.100000,546.500000,546.100000,546.000000,25.000000,0.004000,10,circular,0.900000,,,564.100000,hy8_runs\hy8-Culvert-01-hw5.00-24ce4a,hy8_runs\hy8-Culvert-01-hw5.00-24ce4a\circular_hy8-Culvert-01-hw5.00-24ce4a.rst,3
Culvert-01-hw5.00,0,551.100000,,18.761088,18.760000,548.610000,3.160000,7-M2c,23.570000,1.430000,551.100000,546.500000,546.100000,546.000000,25.000000,0.004000,10,circular,0.900000,,,564.100000,hy8_runs\hy8-Culvert-01-hw5.00-24ce4a,hy8_runs\hy8-Culvert-01-hw5.00-24ce4a\circular_hy8-Culvert-01-hw5.00-24ce4a.rst,4
Culvert-01-hw5.00,0,551.100000,,25.014783,25.010000,550.000000,4.000000,7-M2c,24.750000,0.250000,551.100000,546.500000,546.100000,546.000000,25.000000,0.004000,10,circular,0.900000,,,564.100000,hy8_runs\hy8-Culvert-01-hw5.00-24ce4a,hy8_runs\hy8-Culvert-01-hw5.00-24ce4a\circular_hy8-Culvert-01-hw5.00-24ce4a.rst,5
Culvert-01-hw5.00,0,551.100000,,37.522175,37.520000,553.910000,5.900000,6-FFc,25.000000,0.000000,551.100000,546.500000,546.100000,546.000000,25.000000,0.004000,10,circular,0.900000,,,564.100000,hy8_runs\hy8-Culvert-01-hw5.00-24ce4a,hy8_runs\hy8-Culvert-01-hw5.00-24ce4a\circular_hy8-Culvert-01-hw5.00-24ce4a.rst,6
Culvert-01-Q5.00,0,546.100000,5.000000,0.000000,0.000000,546.500000,0.000000,0-NF,0.000000,0.000000,546.100000,546.500000,546.100000,546.000000,25.000000,0.004000,10,circular,0.900000,,,564.100000,hy8_runs\hy8-Culvert-01-Q5.00-a81a12,hy8_runs\hy8-Culvert-01-Q5.00-a81a12\circular_hy8-Culvert-01-Q5.00-a81a12.rst,1
Culvert-01-Q5.00,0,546.100000,5.000000,3.000000,3.000000,546.650000,0.830000,3-M1t,0.000000,25.000000,546.100000,546.500000,546.100000,546.000000,25.000000,0.004000,10,circular,0.900000,,,564.100000,hy8_runs\hy8-Culvert-01-Q5.00-a81a12,hy8_runs\hy8-Culvert-01-Q5.00-a81a12\circular_hy8-Culvert-01-Q5.00-a81a12.rst,2
Culvert-01-Q5.00,0,546.100000,5.000000,4.250000,4.250000,546.740000,1.170000,3-M2t,0.000000,25.000000,546.100000,546.500000,546.100000,546.000000,25.000000,0.004000,10,circular,0.900000,,,564.100000,hy8_runs\hy8-Culvert-01-Q5.00-a81a12,hy8_runs\hy8-Culvert-01-Q5.00-a81a12\circular_hy8-Culvert-01-Q5.00-a81a12.rst,3
Culvert-01-Q5.00,0,546.100000,5.000000,5.000000,5.000000,546.800000,1.380000,3-M2t,0.000000,25.000000,546.100000,546.500000,546.100000,546.000000,25.000000,0.004000,10,circular,0.900000,,,564.100000,hy8_runs\hy8-Culvert-01-Q5.00-a81a12,hy8_runs\hy8-Culvert-01-Q5.00-a81a12\circular_hy8-Culvert-01-Q5.00-a81a12.rst,4
Culvert-01-Q5.00,0,546.100000,5.000000,5.750000,5.750000,546.860000,1.580000,3-M2t,0.000000,25.000000,546.100000,546.500000,546.100000,546.000000,25.000000,0.004000,10,circular,0.900000,,,564.100000,hy8_runs\hy8-Culvert-01-Q5.00-a81a12,hy8_runs\hy8-Culvert-01-Q5.00-a81a12\circular_hy8-Culvert-01-Q5.00-a81a12.rst,5
Culvert-02-hw5.00,0,553.000000,,0.000000,0.000000,548.000000,0.000000,0-NF,0.000000,0.000000,553.000000,547.900000,548.000000,547.400000,25.000000,0.024000,8,circular,1.200000,,,572.000000,hy8_runs\hy8-Culvert-02-hw5.00-65fdcf,hy8_runs\hy8-Culvert-02-hw5.00-65fdcf\circular_hy8-Culvert-02-hw5.00-65fdcf.rst,1
Culvert-02-hw5.00,0,553.000000,,7.743388,7.740000,548.800000,2.520000,1-S2n,0.000000,25.000000,553.000000,547.900000,548.000000,547.400000,25.000000,0.024000,8,circular,1.200000,,,572.000000,hy8_runs\hy8-Culvert-02-hw5.00-65fdcf,hy8_runs\hy8-Culvert-02-hw5.00-65fdcf\circular_hy8-Culvert-02-hw5.00-65fdcf.rst,2
Culvert-02-hw5.00,0,553.000000,,15.486776,15.490000,549.290000,3.000000,5-S2n,0.000000,25.000000,553.000000,547.900000,548.000000,547.400000,25.000000,0.024000,8,circular,1.200000,,,572.000000,hy8_runs\hy8-Culvert-02-hw5.00-65fdcf,hy8_runs\hy8-Culvert-02-hw5.00-65fdcf\circular_hy8-Culvert-02-hw5.00-65fdcf.rst,3
Culvert-02-hw5.00,0,553.000000,,23.230164,23.230000,549.920000,3.270000,5-S2n,0.000000,25.000000,553.000000,547.900000,548.000000,547.400000,25.000000,0.024000,8,circular,1.200000,,,572.000000,hy8_runs\hy8-Culvert-02-hw5.00-65fdcf,hy8_runs\hy8-Culvert-02-hw5.00-65fdcf\circular_hy8-Culvert-02-hw5.00-65fdcf.rst,4
Culvert-02-hw5.00,0,553.000000,,30.973552,30.970000,550.820000,3.660000,7-M2c,16.250000,8.750000,553.000000,547.900000,548.000000,547.400000,25.000000,0.024000,8,circular,1.200000,,,572.000000,hy8_runs\hy8-Culvert-02-hw5.00-65fdcf,hy8_runs\hy8-Culvert-02-hw5.00-65fdcf\circular_hy8-Culvert-02-hw5.00-65fdcf.rst,5
Culvert-02-hw5.00,0,553.000000,,46.460328,46.460000,553.550000,5.130000,6-FFc,25.010000,0.000000,553.000000,547.900000,548.000000,547.400000,25.000000,0.024000,8,circular,1.200000,,,572.000000,hy8_runs\hy8-Culvert-02-hw5.00-65fdcf,hy8_runs\hy8-Culvert-02-hw5.00-65fdcf\circular_hy8-Culvert-02-hw5.00-65fdcf.rst,6
Culvert-03-hw5.00,0,15.000000,,0.000000,0.000000,10.000000,0.000000,0-NF,0.000000,0.000000,15.000000,9.600000,10.000000,9.100000,25.000000,0.036000,1,circular,3.000000,,,70.000000,hy8_runs\hy8-Culvert-03-hw5.00-b27962,hy8_runs\hy8-Culvert-03-hw5.00-b27962\circular_hy8-Culvert-03-hw5.00-b27962.rst,1
Culvert-03-hw5.00,0,15.000000,,1.979137,1.980000,10.840000,3.220000,1-S2n,0.000000,25.000000,15.000000,9.600000,10.000000,9.100000,25.000000,0.036000,1,circular,3.000000,,,70.000000,hy8_runs\hy8-Culvert-03-hw5.00-b27962,hy8_runs\hy8-Culvert-03-hw5.00-b27962\circular_hy8-Culvert-03-hw5.00-b27962.rst,2
Culvert-03-hw5.00,0,15.000000,,3.958274,3.960000,11.210000,3.870000,1-S2n,0.000000,25.000000,15.000000,9.600000,10.000000,9.100000,25.000000,0.036000,1,circular,3.000000,,,70.000000,hy8_runs\hy8-Culvert-03-hw5.00-b27962,hy8_runs\hy8-Culvert-03-hw5.00-b27962\circular_hy8-Culvert-03-hw5.00-b27962.rst,3
Culvert-03-hw5.00,0,15.000000,,5.937411,5.940000,11.500000,4.300000,1-S2n,0.000000,25.000000,15.000000,9.600000,10.000000,9.100000,25.000000,0.036000,1,circular,3.000000,,,70.000000,hy8_runs\hy8-Culvert-03-hw5.00-b27962,hy8_runs\hy8-Culvert-03-hw5.00-b27962\circular_hy8-Culvert-03-hw5.00-b27962.rst,4
Culvert-03-hw5.00,0,15.000000,,7.916548,7.920000,11.770000,4.600000,1-S2n,0.000000,25.000000,15.000000,9.600000,10.000000,9.100000,25.000000,0.036000,1,circular,3.000000,,,70.000000,hy8_runs\hy8-Culvert-03-hw5.00-b27962,hy8_runs\hy8-Culvert-03-hw5.00-b27962\circular_hy8-Culvert-03-hw5.00-b27962.rst,5
Culvert-03-hw5.00,0,15.000000,,11.874823,11.870000,12.280000,5.060000,1-S2n,0.000000,25.000000,15.000000,9.600000,10.000000,9.100000,25.000000,0.036000,1,circular,3.000000,,,70.000000,hy8_runs\hy8-Culvert-03-hw5.00-b27962,hy8_runs\hy8-Culvert-03-hw5.00-b27962\circular_hy8-Culvert-03-hw5.00-b27962.rst,6
Culvert-03-hw5.00,1,15.000000,,0.000000,0.000000,10.000000,0.000000,0-NF,0.000000,0.000000,15.000000,9.600000,10.000000,9.100000,25.000000,0.036000,1,circular,3.000000,,,70.000000,hy8_runs\hy8-Culvert-03-hw5.00-ee9327,hy8_runs\hy8-Culvert-03-hw5.00-ee9327\circular_hy8-Culvert-03-hw5.00-ee9327.rst,1
Culvert-03-hw5.00,1,15.000000,,1.979137,1.980000,10.840000,3.220000,1-S2n,0.000000,25.000000,15.000000,9.600000,10.000000,9.100000,25.000000,0.036000,1,circular,3.000000,,,70.000000,hy8_runs\hy8-Culvert-03-hw5.00-ee9327,hy8_runs\hy8-Culvert-03-hw5.00-ee9327\circular_hy8-Culvert-03-hw5.00-ee9327.rst,2
Culvert-03-hw5.00,1,15.000000,,3.958274,3.960000,11.210000,3.870000,1-S2n,0.000000,25.000000,15.000000,9.600000,10.000000,9.100000,25.000000,0.036000,1,circular,3.000000,,,70.000000,hy8_runs\hy8-Culvert-03-hw5.00-ee9327,hy8_runs\hy8-Culvert-03-hw5.00-ee9327\circular_hy8-Culvert-03-hw5.00-ee9327.rst,3
Culvert-03-hw5.00,1,15.000000,,5.937411,5.940000,11.500000,4.300000,1-S2n,0.000000,25.000000,15.000000,9.600000,10.000000,9.100000,25.000000,0.036000,1,circular,3.000000,,,70.000000,hy8_runs\hy8-Culvert-03-hw5.00-ee9327,hy8_runs\hy8-Culvert-03-hw5.00-ee9327\circular_hy8-Culvert-03-hw5.00-ee9327.rst,4
Culvert-03-hw5.00,1,15.000000,,7.916548,7.920000,11.770000,4.600000,1-S2n,0.000000,25.000000,15.000000,9.600000,10.000000,9.100000,25.000000,0.036000,1,circular,3.000000,,,70.000000,hy8_runs\hy8-Culvert-03-hw5.00-ee9327,hy8_runs\hy8-Culvert-03-hw5.00-ee9327\circular_hy8-Culvert-03-hw5.00-ee9327.rst,5
Culvert-03-hw5.00,1,15.000000,,11.874823,11.870000,12.280000,5.060000,1-S2n,0.000000,25.000000,15.000000,9.600000,10.000000,9.100000,25.000000,0.036000,1,circular,3.000000,,,70.000000,hy8_runs\hy8-Culvert-03-hw5.00-ee9327,hy8_runs\hy8-Culvert-03-hw5.00-ee9327\circular_hy8-Culvert-03-hw5.00-ee9327.rst,6
Culvert-03-hw5.00,1,15.000000,,23.749646,23.750000,13.900000,5.950000,5-S2n,0.000000,25.000000,15.000000,9.600000,10.000000,9.100000,25.000000,0.036000,1,circular,3.000000,,,70.000000,hy8_runs\hy8-Culvert-03-hw5.00-ee9327,hy8_runs\hy8-Culvert-03-hw5.00-ee9327\circular_hy8-Culvert-03-hw5.00-ee9327.rst,7
Culvert-03-hw5.00,2,15.000000,,0.000000,0.000000,10.000000,0.000000,0-NF,0.000000,0.000000,15.000000,9.600000,10.000000,9.100000,25.000000,0.036000,1,circular,3.000000,,,70.000000,hy8_runs\hy8-Culvert-03-hw5.00-c0d493,hy8_runs\hy8-Culvert-03-hw5.00-c0d493\circular_hy8-Culvert-03-hw5.00-c0d493.rst,1
Culvert-03-hw5.00,2,15.000000,,1.979137,1.980000,10.840000,3.220000,1-S2n,0.000000,25.000000,15.000000,9.600000,10.000000,9.100000,25.000000,0.036000,1,circular,3.000000,,,70.000000,hy8_runs\hy8-Culvert-03-hw5.00-c0d493,hy8_runs\hy8-Culvert-03-hw5.00-c0d493\circular_hy8-Culvert-03-hw5.00-c0d493.rst,2
Culvert-03-hw5.00,2,15.000000,,3.958274,3.960000,11.210000,3.870000,1-S2n,0.000000,25.000000,15.000000,9.600000,10.000000,9.100000,25.000000,0.036000,1,circular,3.000000,,,70.000000,hy8_runs\hy8-Culvert-03-hw5.00-c0d493,hy8_runs\hy8-Culvert-03-hw5.00-c0d493\circular_hy8-Culvert-03-hw5.00-c0d493.rst,3
Culvert-03-hw5.00,2,15.000000,,5.937411,5.940000,11.500000,4.300000,1-S2n,0.000000,25.000000,15.000000,9.600000,10.000000,9.100000,25.000000,0.036000,1,circular,3.000000,,,70.000000,hy8_runs\hy8-Culvert-03-hw5.00-c0d493,hy8_runs\hy8-Culvert-03-hw5.00-c0d493\circular_hy8-Culvert-03-hw5.00-c0d493.rst,4
Culvert-03-hw5.00,2,15.000000,,7.916548,7.920000,11.770000,4.600000,1-S2n,0.000000,25.000000,15.000000,9.600000,10.000000,9.100000,25.000000,0.036000,1,circular,3.000000,,,70.000000,hy8_runs\hy8-Culvert-03-hw5.00-c0d493,hy8_runs\hy8-Culvert-03-hw5.00-c0d493\circular_hy8-Culvert-03-hw5.00-c0d493.rst,5
Culvert-03-hw5.00,2,15.000000,,11.874823,11.870000,12.280000,5.060000,1-S2n,0.000000,25.000000,15.000000,9.600000,10.000000,9.100000,25.000000,0.036000,1,circular,3.000000,,,70.000000,hy8_runs\hy8-Culvert-03-hw5.00-c0d493,hy8_runs\hy8-Culvert-03-hw5.00-c0d493\circular_hy8-Culvert-03-hw5.00-c0d493.rst,6
Culvert-03-hw5.00,2,15.000000,,23.749646,23.750000,13.900000,5.950000,5-S2n,0.000000,25.000000,15.000000,9.600000,10.000000,9.100000,25.000000,0.036000,1,circular,3.000000,,,70.000000,hy8_runs\hy8-Culvert-03-hw5.00-c0d493,hy8_runs\hy8-Culvert-03-hw5.00-c0d493\circular_hy8-Culvert-03-hw5.00-c0d493.rst,7
Culvert-03-hw5.00,2,15.000000,,47.499292,47.500000,19.960000,7.230000,5-S2n,0.000000,25.000000,15.000000,9.600000,10.000000,9.100000,25.000000,0.036000,1,circular,3.000000,,,70.000000,hy8_runs\hy8-Culvert-03-hw5.00-c0d493,hy8_runs\hy8-Culvert-03-hw5.00-c0d493\circular_hy8-Culvert-03-hw5.00-c0d493.rst,8
Culvert-03-Q5.00,0,10.000000,5.000000,0.000000,0.000000,10.000000,0.000000,0-NF,0.000000,0.000000,10.000000,9.600000,10.000000,9.100000,25.000000,0.036000,1,circular,3.000000,,,70.000000,hy8_runs\hy8-Culvert-03-Q5.00-14a862,hy8_runs\hy8-Culvert-03-Q5.00-14a862\circular_hy8-Culvert-03-Q5.00-14a862.rst,1
Culvert-03-Q5.00,0,10.000000,5.000000,3.000000,3.000000,11.040000,3.580000,1-S2n,0.000000,25.000000,10.000000,9.600000,10.000000,9.100000,25.000000,0.036000,1,circular,3.000000,,,70.000000,hy8_runs\hy8-Culvert-03-Q5.00-14a862,hy8_runs\hy8-Culvert-03-Q5.00-14a862\circular_hy8-Culvert-03-Q5.00-14a862.rst,2
Culvert-03-Q5.00,0,10.000000,5.000000,4.250000,4.250000,11.260000,3.950000,1-S2n,0.000000,25.000000,10.000000,9.600000,10.000000,9.100000,25.000000,0.036000,1,circular,3.000000,,,70.000000,hy8_runs\hy8-Culvert-03-Q5.00-14a862,hy8_runs\hy8-Culvert-03-Q5.00-14a862\circular_hy8-Culvert-03-Q5.00-14a862.rst,3
Culvert-03-Q5.00,0,10.000000,5.000000,5.000000,5.000000,11.370000,4.110000,1-S2n,0.000000,25.000000,10.000000,9.600000,10.000000,9.100000,25.000000,0.036000,1,circular,3.000000,,,70.000000,hy8_runs\hy8-Culvert-03-Q5.00-14a862,hy8_runs\hy8-Culvert-03-Q5.00-14a862\circular_hy8-Culvert-03-Q5.00-14a862.rst,4
Culvert-03-Q5.00,0,10.000000,5.000000,5.750000,5.750000,11.480000,4.260000,1-S2n,0.000000,25.000000,10.000000,9.600000,10.000000,9.100000,25.000000,0.036000,1,circular,3.000000,,,70.000000,hy8_runs\hy8-Culvert-03-Q5.00-14a862,hy8_runs\hy8-Culvert-03-Q5.00-14a862\circular_hy8-Culvert-03-Q5.00-14a862.rst,5
Culvert-04-hw5.00,0,4.000000,,0.000000,0.000000,-0.800000,0.000000,0-NF,0.000000,0.000000,4.000000,-0.800000,-1.000000,-1.300000,25.000000,0.012000,4,circular,1.500000,,,29.000000,hy8_runs\hy8-Culvert-04-hw5.00-b12210,hy8_runs\hy8-Culvert-04-hw5.00-b12210\circular_hy8-Culvert-04-hw5.00-b12210.rst,1
Culvert-04-hw5.00,0,4.000000,,4.668432,4.670000,-0.180000,2.040000,1-S2n,0.000000,25.000000,4.000000,-0.800000,-1.000000,-1.300000,25.000000,0.012000,4,circular,1.500000,,,29.000000,hy8_runs\hy8-Culvert-04-hw5.00-b12210,hy8_runs\hy8-Culvert-04-hw5.00-b12210\circular_hy8-Culvert-04-hw5.00-b12210.rst,2
Culvert-04-hw5.00,0,4.000000,,9.336863,9.340000,0.380000,2.480000,2-M2c,0.000000,25.000000,4.000000,-0.800000,-1.000000,-1.300000,25.000000,0.012000,4,circular,1.500000,,,29.000000,hy8_runs\hy8-Culvert-04-hw5.00-b12210,hy8_runs\hy8-Culvert-04-hw5.00-b12210\circular_hy8-Culvert-04-hw5.00-b12210.rst,3
Culvert-04-hw5.00,0,4.000000,,14.005295,14.010000,0.730000,2.880000,7-M2c,0.000000,25.000000,4.000000,-0.800000,-1.000000,-1.300000,25.000000,0.012000,4,circular,1.500000,,,29.000000,hy8_runs\hy8-Culvert-04-hw5.00-b12210,hy8_runs\hy8-Culvert-04-hw5.00-b12210\circular_hy8-Culvert-04-hw5.00-b12210.rst,4
Culvert-04-hw5.00,0,4.000000,,18.673726,18.670000,1.190000,3.280000,7-M2c,0.000000,25.000000,4.000000,-0.800000,-1.000000,-1.300000,25.000000,0.012000,4,circular,1.500000,,,29.000000,hy8_runs\hy8-Culvert-04-hw5.00-b12210,hy8_runs\hy8-Culvert-04-hw5.00-b12210\circular_hy8-Culvert-04-hw5.00-b12210.rst,5
Culvert-04-hw5.00,0,4.000000,,28.010589,28.010000,2.720000,4.200000,7-M2c,21.970000,3.030000,4.000000,-0.800000,-1.000000,-1.300000,25.000000,0.012000,4,circular,1.500000,,,29.000000,hy8_runs\hy8-Culvert-04-hw5.00-b12210,hy8_runs\hy8-Culvert-04-hw5.00-b12210\circular_hy8-Culvert-04-hw5.00-b12210.rst,6
Culvert-04-hw5.00,1,4.000000,,0.000000,0.000000,-0.800000,0.000000,0-NF,0.000000,0.000000,4.000000,-0.800000,-1.000000,-1.300000,25.000000,0.012000,4,circular,1.500000,,,29.000000,hy8_runs\hy8-Culvert-04-hw5.00-8802e3,hy8_runs\hy8-Culvert-04-hw5.00-8802e3\circular_hy8-Culvert-04-hw5.00-8802e3.rst,1
Culvert-04-hw5.00,1,4.000000,,4.668432,4.670000,-0.180000,2.040000,1-S2n,0.000000,25.000000,4.000000,-0.800000,-1.000000,-1.300000,25.000000,0.012000,4,circular,1.500000,,,29.000000,hy8_runs\hy8-Culvert-04-hw5.00-8802e3,hy8_runs\hy8-Culvert-04-hw5.00-8802e3\circular_hy8-Culvert-04-hw5.00-8802e3.rst,2
Culvert-04-hw5.00,1,4.000000,,9.336863,9.340000,0.380000,2.480000,2-M2c,0.000000,25.000000,4.000000,-0.800000,-1.000000,-1.300000,25.000000,0.012000,4,circular,1.500000,,,29.000000,hy8_runs\hy8-Culvert-04-hw5.00-8802e3,hy8_runs\hy8-Culvert-04-hw5.00-8802e3\circular_hy8-Culvert-04-hw5.00-8802e3.rst,3
Culvert-04-hw5.00,1,4.000000,,14.005295,14.010000,0.730000,2.880000,7-M2c,0.000000,25.000000,4.000000,-0.800000,-1.000000,-1.300000,25.000000,0.012000,4,circular,1.500000,,,29.000000,hy8_runs\hy8-Culvert-04-hw5.00-8802e3,hy8_runs\hy8-Culvert-04-hw5.00-8802e3\circular_hy8-Culvert-04-hw5.00-8802e3.rst,4
Culvert-04-hw5.00,1,4.000000,,18.673726,18.670000,1.190000,3.280000,7-M2c,0.000000,25.000000,4.000000,-0.800000,-1.000000,-1.300000,25.000000,0.012000,4,circular,1.500000,,,29.000000,hy8_runs\hy8-Culvert-04-hw5.00-8802e3,hy8_runs\hy8-Culvert-04-hw5.00-8802e3\circular_hy8-Culvert-04-hw5.00-8802e3.rst,5
Culvert-04-hw5.00,1,4.000000,,28.010589,28.010000,2.720000,4.200000,7-M2c,21.970000,3.030000,4.000000,-0.800000,-1.000000,-1.300000,25.000000,0.012000,4,circular,1.500000,,,29.000000,hy8_runs\hy8-Culvert-04-hw5.00-8802e3,hy8_runs\hy8-Culvert-04-hw5.00-8802e3\circular_hy8-Culvert-04-hw5.00-8802e3.rst,6
Culvert-04-hw5.00,1,4.000000,,56.021178,56.020000,11.580000,7.930000,6-FFc,25.000000,0.000000,4.000000,-0.800000,-1.000000,-1.300000,25.000000,0.012000,4,circular,1.500000,,,29.000000,hy8_runs\hy8-Culvert-04-hw5.00-8802e3,hy8_runs\hy8-Culvert-04-hw5.00-8802e3\circular_hy8-Culvert-04-hw5.00-8802e3.rst,7
Culvert-05-hw5.00,0,105.200000,,0.000000,0.000000,100.200000,0.000000,0-NF,0.000000,0.000000,105.200000,100.100000,100.200000,100.000000,10.000000,0.020000,1,circular,0.900000,,,118.200000,hy8_runs\hy8-Culvert-05-hw5.00-dcf02d,hy8_runs\hy8-Culvert-05-hw5.00-dcf02d\circular_hy8-Culvert-05-hw5.00-dcf02d.rst,1
Culvert-05-hw5.00,0,105.200000,,0.096479,0.100000,100.440000,1.930000,1-S2n,0.000000,10.000000,105.200000,100.100000,100.200000,100.000000,10.000000,0.020000,1,circular,0.900000,,,118.200000,hy8_runs\hy8-Culvert-05-hw5.00-dcf02d,hy8_runs\hy8-Culvert-05-hw5.00-dcf02d\circular_hy8-Culvert-05-hw5.00-dcf02d.rst,2
Culvert-05-hw5.00,0,105.200000,,0.192958,0.190000,100.540000,2.260000,1-S2n,0.000000,10.000000,105.200000,100.100000,100.200000,100.000000,10.000000,0.020000,1,circular,0.900000,,,118.200000,hy8_runs\hy8-Culvert-05-hw5.00-dcf02d,hy8_runs\hy8-Culvert-05-hw5.00-dcf02d\circular_hy8-Culvert-05-hw5.00-dcf02d.rst,3
Culvert-05-hw5.00,0,105.200000,,0.289437,0.290000,100.620000,2.460000,1-S2n,0.000000,10.000000,105.200000,100.100000,100.200000,100.000000,10.000000,0.020000,1,circular,0.900000,,,118.200000,hy8_runs\hy8-Culvert-05-hw5.00-dcf02d,hy8_runs\hy8-Culvert-05-hw5.00-dcf02d\circular_hy8-Culvert-05-hw5.00-dcf02d.rst,4
Culvert-05-hw5.00,0,105.200000,,0.385916,0.390000,100.700000,2.610000,1-S2n,0.000000,10.000000,105.200000,100.100000,100.200000,100.000000,10.000000,0.020000,1,circular,0.900000,,,118.200000,hy8_runs\hy8-Culvert-05-hw5.00-dcf02d,hy8_runs\hy8-Culvert-05-hw5.00-dcf02d\circular_hy8-Culvert-05-hw5.00-dcf02d.rst,5
Culvert-05-hw5.00,0,105.200000,,0.578874,0.580000,100.850000,2.830000,1-S2n,0.000000,10.000000,105.200000,100.100000,100.200000,100.000000,10.000000,0.020000,1,circular,0.900000,,,118.200000,hy8_runs\hy8-Culvert-05-hw5.00-dcf02d,hy8_runs\hy8-Culvert-05-hw5.00-dcf02d\circular_hy8-Culvert-05-hw5.00-dcf02d.rst,6
Culvert-05-hw5.00,1,105.200000,,0.000000,0.000000,100.200000,0.000000,0-NF,0.000000,0.000000,105.200000,100.100000,100.200000,100.000000,10.000000,0.020000,1,circular,0.900000,,,118.200000,hy8_runs\hy8-Culvert-05-hw5.00-513c16,hy8_runs\hy8-Culvert-05-hw5.00-513c16\circular_hy8-Culvert-05-hw5.00-513c16.rst,1
Culvert-05-hw5.00,1,105.200000,,0.096479,0.100000,100.440000,1.930000,1-S2n,0.000000,10.000000,105.200000,100.100000,100.200000,100.000000,10.000000,0.020000,1,circular,0.900000,,,118.200000,hy8_runs\hy8-Culvert-05-hw5.00-513c16,hy8_runs\hy8-Culvert-05-hw5.00-513c16\circular_hy8-Culvert-05-hw5.00-513c16.rst,2
Culvert-05-hw5.00,1,105.200000,,0.192958,0.190000,100.540000,2.260000,1-S2n,0.000000,10.000000,105.200000,100.100000,100.200000,100.000000,10.000000,0.020000,1,circular,0.900000,,,118.200000,hy8_runs\hy8-Culvert-05-hw5.00-513c16,hy8_runs\hy8-Culvert-05-hw5.00-513c16\circular_hy8-Culvert-05-hw5.00-513c16.rst,3
Culvert-05-hw5.00,1,105.200000,,0.289437,0.290000,100.620000,2.460000,1-S2n,0.000000,10.000000,105.200000,100.100000,100.200000,100.000000,10.000000,0.020000,1,circular,0.900000,,,118.200000,hy8_runs\hy8-Culvert-05-hw5.00-513c16,hy8_runs\hy8-Culvert-05-hw5.00-513c16\circular_hy8-Culvert-05-hw5.00-513c16.rst,4
Culvert-05-hw5.00,1,105.200000,,0.385916,0.390000,100.700000,2.610000,1-S2n,0.000000,10.000000,105.200000,100.100000,100.200000,100.000000,10.000000,0.020000,1,circular,0.900000,,,118.200000,hy8_runs\hy8-Culvert-05-hw5.00-513c16,hy8_runs\hy8-Culvert-05-hw5.00-513c16\circular_hy8-Culvert-05-hw5.00-513c16.rst,5
Culvert-05-hw5.00,1,105.200000,,0.578874,0.580000,100.850000,2.830000,1-S2n,0.000000,10.000000,105.200000,100.100000,100.200000,100.000000,10.000000,0.020000,1,circular,0.900000,,,118.200000,hy8_runs\hy8-Culvert-05-hw5.00-513c16,hy8_runs\hy8-Culvert-05-hw5.00-513c16\circular_hy8-Culvert-05-hw5.00-513c16.rst,6
Culvert-05-hw5.00,1,105.200000,,1.157748,1.160000,101.230000,3.320000,5-S2n,0.000000,10.000000,105.200000,100.100000,100.200000,100.000000,10.000000,0.020000,1,circular,0.900000,,,118.200000,hy8_runs\hy8-Culvert-05-hw5.00-513c16,hy8_runs\hy8-Culvert-05-hw5.00-513c16\circular_hy8-Culvert-05-hw5.00-513c16.rst,7
Culvert-05-hw5.00,2,105.200000,,0.000000,0.000000,100.200000,0.000000,0-NF,0.000000,0.000000,105.200000,100.100000,100.200000,100.000000,10.000000,0.020000,1,circular,0.900000,,,118.200000,hy8_runs\hy8-Culvert-05-hw5.00-181a37,hy8_runs\hy8-Culvert-05-hw5.00-181a37\circular_hy8-Culvert-05-hw5.00-181a37.rst,1
Culvert-05-hw5.00,2,105.200000,,0.096479,0.100000,100.440000,1.930000,1-S2n,0.000000,10.000000,105.200000,100.100000,100.200000,100.000000,10.000000,0.020000,1,circular,0.900000,,,118.200000,hy8_runs\hy8-Culvert-05-hw5.00-181a37,hy8_runs\hy8-Culvert-05-hw5.00-181a37\circular_hy8-Culvert-05-hw5.00-181a37.rst,2
Culvert-05-hw5.00,2,105.200000,,0.192958,0.190000,100.540000,2.260000,1-S2n,0.000000,10.000000,105.200000,100.100000,100.200000,100.000000,10.000000,0.020000,1,circular,0.900000,,,118.200000,hy8_runs\hy8-Culvert-05-hw5.00-181a37,hy8_runs\hy8-Culvert-05-hw5.00-181a37\circular_hy8-Culvert-05-hw5.00-181a37.rst,3
Culvert-05-hw5.00,2,105.200000,,0.289437,0.290000,100.620000,2.460000,1-S2n,0.000000,10.000000,105.200000,100.100000,100.200000,100.000000,10.000000,0.020000,1,circular,0.900000,,,118.200000,hy8_runs\hy8-Culvert-05-hw5.00-181a37,hy8_runs\hy8-Culvert-05-hw5.00-181a37\circular_hy8-Culvert-05-hw5.00-181a37.rst,4
Culvert-05-hw5.00,2,105.200000,,0.385916,0.390000,100.700000,2.610000,1-S2n,0.000000,10.000000,105.200000,100.100000,100.200000,100.000000,10.000000,0.020000,1,circular,0.900000,,,118.200000,hy8_runs\hy8-Culvert-05-hw5.00-181a37,hy8_runs\hy8-Culvert-05-hw5.00-181a37\circular_hy8-Culvert-05-hw5.00-181a37.rst,5
Culvert-05-hw5.00,2,105.200000,,0.578874,0.580000,100.850000,2.830000,1-S2n,0.000000,10.000000,105.200000,100.100000,100.200000,100.000000,10.000000,0.020000,1,circular,0.900000,,,118.200000,hy8_runs\hy8-Culvert-05-hw5.00-181a37,hy8_runs\hy8-Culvert-05-hw5.00-181a37\circular_hy8-Culvert-05-hw5.00-181a37.rst,6
Culvert-05-hw5.00,2,105.200000,,1.157748,1.160000,101.230000,3.320000,5-S2n,0.000000,10.000000,105.200000,100.100000,100.200000,100.000000,10.000000,0.020000,1,circular,0.900000,,,118.200000,hy8_runs\hy8-Culvert-05-hw5.00-181a37,hy8_runs\hy8-Culvert-05-hw5.00-181a37\circular_hy8-Culvert-05-hw5.00-181a37.rst,7
Culvert-05-hw5.00,2,105.200000,,2.315496,2.320000,102.520000,4.180000,5-S2n,0.000000,10.000000,105.200000,100.100000,100.200000,100.000000,10.000000,0.020000,1,circular,0.900000,,,118.200000,hy8_runs\hy8-Culvert-05-hw5.00-181a37,hy8_runs\hy8-Culvert-05-hw5.00-181a37\circular_hy8-Culvert-05-hw5.00-181a37.rst,8
Culvert-05-hw5.00,3,105.200000,,0.000000,0.000000,100.200000,0.000000,0-NF,0.000000,0.000000,105.200000,100.100000,100.200000,100.000000,10.000000,0.020000,1,circular,0.900000,,,118.200000,hy8_runs\hy8-Culvert-05-hw5.00-44ca80,hy8_runs\hy8-Culvert-05-hw5.00-44ca80\circular_hy8-Culvert-05-hw5.00-44ca80.rst,1
Culvert-05-hw5.00,3,105.200000,,0.096479,0.100000,100.440000,1.930000,1-S2n,0.000000,10.000000,105.200000,100.100000,100.200000,100.000000,10.000000,0.020000,1,circular,0.900000,,,118.200000,hy8_runs\hy8-Culvert-05-hw5.00-44ca80,hy8_runs\hy8-Culvert-05-hw5.00-44ca80\circular_hy8-Culvert-05-hw5.00-44ca80.rst,2
Culvert-05-hw5.00,3,105.200000,,0.192958,0.190000,100.540000,2.260000,1-S2n,0.000000,10.000000,105.200000,100.100000,100.200000,100.000000,10.000000,0.020000,1,circular,0.900000,,,118.200000,hy8_runs\hy8-Culvert-05-hw5.00-44ca80,hy8_runs\hy8-Culvert-05-hw5.00-44ca80\circular_hy8-Culvert-05-hw5.00-44ca80.rst,3
Culvert-05-hw5.00,3,105.200000,,0.289437,0.290000,100.620000,2.460000,1-S2n,0.000000,10.000000,105.200000,100.100000,100.200000,100.000000,10.000000,0.020000,1,circular,0.900000,,,118.200000,hy8_runs\hy8-Culvert-05-hw5.00-44ca80,hy8_runs\hy8-Culvert-05-hw5.00-44ca80\circular_hy8-Culvert-05-hw5.00-44ca80.rst,4
Culvert-05-hw5.00,3,105.200000,,0.385916,0.390000,100.700000,2.610000,1-S2n,0.000000,10.000000,105.200000,100.100000,100.200000,100.000000,10.000000,0.020000,1,circular,0.900000,,,118.200000,hy8_runs\hy8-Culvert-05-hw5.00-44ca80,hy8_runs\hy8-Culvert-05-hw5.00-44ca80\circular_hy8-Culvert-05-hw5.00-44ca80.rst,5
Culvert-05-hw5.00,3,105.200000,,0.578874,0.580000,100.850000,2.830000,1-S2n,0.000000,10.000000,105.200000,100.100000,100.200000,100.000000,10.000000,0.020000,1,circular,0.900000,,,118.200000,hy8_runs\hy8-Culvert-05-hw5.00-44ca80,hy8_runs\hy8-Culvert-05-hw5.00-44ca80\circular_hy8-Culvert-05-hw5.00-44ca80.rst,6
Culvert-05-hw5.00,3,105.200000,,1.157748,1.160000,101.230000,3.320000,5-S2n,0.000000,10.000000,105.200000,100.100000,100.200000,100.000000,10.000000,0.020000,1,circular,0.900000,,,118.200000,hy8_runs\hy8-Culvert-05-hw5.00-44ca80,hy8_runs\hy8-Culvert-05-hw5.00-44ca80\circular_hy8-Culvert-05-hw5.00-44ca80.rst,7
Culvert-05-hw5.00,3,105.200000,,2.315496,2.320000,102.520000,4.180000,5-S2n,0.000000,10.000000,105.200000,100.100000,100.200000,100.000000,10.000000,0.020000,1,circular,0.900000,,,118.200000,hy8_runs\hy8-Culvert-05-hw5.00-44ca80,hy8_runs\hy8-Culvert-05-hw5.00-44ca80\circular_hy8-Culvert-05-hw5.00-44ca80.rst,8
Culvert-05-hw5.00,3,105.200000,,4.630992,4.630000,108.030000,7.280000,6-FFc,10.000000,0.000000,105.200000,100.100000,100.200000,100.000000,10.000000,0.020000,1,circular,0.900000,,,118.200000,hy8_runs\hy8-Culvert-05-hw5.00-44ca80,hy8_runs\hy8-Culvert-05-hw5.00-44ca80\circular_hy8-Culvert-05-hw5.00-44ca80.rst,9
Culvert-05-Q2.00,0,100.200000,2.000000,0.000000,0.000000,100.200000,0.000000,0-NF,0.000000,0.000000,100.200000,100.100000,100.200000,100.000000,10.000000,0.020000,1,circular,0.900000,,,118.200000,hy8_runs\hy8-Culvert-05-Q2.00-226e6b,hy8_runs\hy8-Culvert-05-Q2.00-226e6b\circular_hy8-Culvert-05-Q2.00-226e6b.rst,1
Culvert-05-Q2.00,0,100.200000,2.000000,1.200000,1.200000,101.260000,3.350000,5-S2n,0.000000,10.000000,100.200000,100.100000,100.200000,100.000000,10.000000,0.020000,1,circular,0.900000,,,118.200000,hy8_runs\hy8-Culvert-05-Q2.00-226e6b,hy8_runs\hy8-Culvert-05-Q2.00-226e6b\circular_hy8-Culvert-05-Q2.00-226e6b.rst,2
Culvert-05-Q2.00,0,100.200000,2.000000,1.700000,1.700000,101.720000,3.700000,5-S2n,0.000000,10.000000,100.200000,100.100000,100.200000,100.000000,10.000000,0.020000,1,circular,0.900000,,,118.200000,hy8_runs\hy8-Culvert-05-Q2.00-226e6b,hy8_runs\hy8-Culvert-05-Q2.00-226e6b\circular_hy8-Culvert-05-Q2.00-226e6b.rst,3
Culvert-05-Q2.00,0,100.200000,2.000000,2.000000,2.000000,102.070000,3.930000,5-S2n,0.000000,10.000000,100.200000,100.100000,100.200000,100.000000,10.000000,0.020000,1,circular,0.900000,,,118.200000,hy8_runs\hy8-Culvert-05-Q2.00-226e6b,hy8_runs\hy8-Culvert-05-Q2.00-226e6b\circular_hy8-Culvert-05-Q2.00-226e6b.rst,4
Culvert-05-Q2.00,0,100.200000,2.000000,2.300000,2.300000,102.490000,4.170000,5-S2n,0.000000,10.000000,100.200000,100.100000,100.200000,100.000000,10.000000,0.020000,1,circular,0.900000,,,118.200000,hy8_runs\hy8-Culvert-05-Q2.00-226e6b,hy8_runs\hy8-Culvert-05-Q2.00-226e6b\circular_hy8-Culvert-05-Q2.00-226e6b.rst,5
Culvert-06-hw5.00,0,106.000000,,0.000000,0.000000,101.000000,0.000000,0-NF,0.000000,0.000000,106.000000,100.800000,101.000000,100.000000,25.000000,0.040000,1,circular,1.200000,,,125.000000,hy8_runs\hy8-Culvert-06-hw5.00-fcee2a,hy8_runs\hy8-Culvert-06-hw5.00-fcee2a\circular_hy8-Culvert-06-hw5.00-fcee2a.rst,1
Culvert-06-hw5.00,0,106.000000,,1.354834,1.350000,101.920000,4.650000,1-S2n,0.000000,25.000000,106.000000,100.800000,101.000000,100.000000,25.000000,0.040000,1,circular,1.200000,,,125.000000,hy8_runs\hy8-Culvert-06-hw5.00-fcee2a,hy8_runs\hy8-Culvert-06-hw5.00-fcee2a\circular_hy8-Culvert-06-hw5.00-fcee2a.rst,2
Culvert-06-hw5.00,0,106.000000,,2.709668,2.710000,102.530000,5.290000,5-S2n,0.000000,25.000000,106.000000,100.800000,101.000000,100.000000,25.000000,0.040000,1,circular,1.200000,,,125.000000,hy8_runs\hy8-Culvert-06-hw5.00-fcee2a,hy8_runs\hy8-Culvert-06-hw5.00-fcee2a\circular_hy8-Culvert-06-hw5.00-fcee2a.rst,3
Culvert-06-hw5.00,0,106.000000,,4.064502,4.060000,103.450000,5.790000,5-S2n,0.000000,25.000000,106.000000,100.800000,101.000000,100.000000,25.000000,0.040000,1,circular,1.200000,,,125.000000,hy8_runs\hy8-Culvert-06-hw5.00-fcee2a,hy8_runs\hy8-Culvert-06-hw5.00-fcee2a\circular_hy8-Culvert-06-hw5.00-fcee2a.rst,4
Culvert-06-hw5.00,0,106.000000,,5.419336,5.420000,104.780000,6.340000,5-S2n,0.000000,25.000000,106.000000,100.800000,101.000000,100.000000,25.000000,0.040000,1,circular,1.200000,,,125.000000,hy8_runs\hy8-Culvert-06-hw5.00-fcee2a,hy8_runs\hy8-Culvert-06-hw5.00-fcee2a\circular_hy8-Culvert-06-hw5.00-fcee2a.rst,5
Culvert-06-hw5.00,0,106.000000,,8.129005,8.130000,108.760000,7.600000,5-S2n,0.000000,25.000000,106.000000,100.800000,101.000000,100.000000,25.000000,0.040000,1,circular,1.200000,,,125.000000,hy8_runs\hy8-Culvert-06-hw5.00-fcee2a,hy8_runs\hy8-Culvert-06-hw5.00-fcee2a\circular_hy8-Culvert-06-hw5.00-fcee2a.rst,6
Culvert-06-Q5.00,0,101.000000,5.000000,0.000000,0.000000,101.000000,0.000000,0-NF,0.000000,0.000000,101.000000,100.800000,101.000000,100.000000,25.000000,0.040000,1,circular,1.200000,,,125.000000,hy8_runs\hy8-Culvert-06-Q5.00-2a179d,hy8_runs\hy8-Culvert-06-Q5.00-2a179d\circular_hy8-Culvert-06-Q5.00-2a179d.rst,1
Culvert-06-Q5.00,0,101.000000,5.000000,3.000000,3.000000,102.690000,5.400000,5-S2n,0.000000,25.000000,101.000000,100.800000,101.000000,100.000000,25.000000,0.040000,1,circular,1.200000,,,125.000000,hy8_runs\hy8-Culvert-06-Q5.00-2a179d,hy8_runs\hy8-Culvert-06-Q5.00-2a179d\circular_hy8-Culvert-06-Q5.00-2a179d.rst,2
Culvert-06-Q5.00,0,101.000000,5.000000,4.250000,4.250000,103.610000,5.860000,5-S2n,0.000000,25.000000,101.000000,100.800000,101.000000,100.000000,25.000000,0.040000,1,circular,1.200000,,,125.000000,hy8_runs\hy8-Culvert-06-Q5.00-2a179d,hy8_runs\hy8-Culvert-06-Q5.00-2a179d\circular_hy8-Culvert-06-Q5.00-2a179d.rst,3
Culvert-06-Q5.00,0,101.000000,5.000000,5.000000,5.000000,104.330000,6.150000,5-S2n,0.000000,25.000000,101.000000,100.800000,101.000000,100.000000,25.000000,0.040000,1,circular,1.200000,,,125.000000,hy8_runs\hy8-Culvert-06-Q5.00-2a179d,hy8_runs\hy8-Culvert-06-Q5.00-2a179d\circular_hy8-Culvert-06-Q5.00-2a179d.rst,4
Culvert-06-Q5.00,0,101.000000,5.000000,5.750000,5.750000,105.180000,6.460000,5-S2n,0.000000,25.000000,101.000000,100.800000,101.000000,100.000000,25.000000,0.040000,1,circular,1.200000,,,125.000000,hy8_runs\hy8-Culvert-06-Q5.00-2a179d,hy8_runs\hy8-Culvert-06-Q5.00-2a179d\circular_hy8-Culvert-06-Q5.00-2a179d.rst,5
Culvert-07-hw5.00,0,205.000000,,0.000000,0.000000,200.000000,0.000000,0-NF,0.000000,0.000000,205.000000,199.200000,200.000000,199.000000,80.000000,0.012500,2,circular,1.500000,,,230.000000,hy8_runs\hy8-Culvert-07-hw5.00-1a5478,hy8_runs\hy8-Culvert-07-hw5.00-1a5478\circular_hy8-Culvert-07-hw5.00-1a5478.rst,1
Culvert-07-hw5.00,0,205.000000,,0.743523,0.740000,200.410000,2.430000,1-S2n,0.000000,80.000000,205.000000,199.200000,200.000000,199.000000,80.000000,0.012500,2,circular,1.500000,,,230.000000,hy8_runs\hy8-Culvert-07-hw5.00-1a5478,hy8_runs\hy8-Culvert-07-hw5.00-1a5478\circular_hy8-Culvert-07-hw5.00-1a5478.rst,2
Culvert-07-hw5.00,0,205.000000,,1.487046,1.490000,200.590000,2.980000,1-S2n,0.000000,80.000000,205.000000,199.200000,200.000000,199.000000,80.000000,0.012500,2,circular,1.500000,,,230.000000,hy8_runs\hy8-Culvert-07-hw5.00-1a5478,hy8_runs\hy8-Culvert-07-hw5.00-1a5478\circular_hy8-Culvert-07-hw5.00-1a5478.rst,3
Culvert-07-hw5.00,0,205.000000,,2.230568,2.230000,200.730000,3.350000,1-S2n,0.000000,80.000000,205.000000,199.200000,200.000000,199.000000,80.000000,0.012500,2,circular,1.500000,,,230.000000,hy8_runs\hy8-Culvert-07-hw5.00-1a5478,hy8_runs\hy8-Culvert-07-hw5.00-1a5478\circular_hy8-Culvert-07-hw5.00-1a5478.rst,4
Culvert-07-hw5.00,0,205.000000,,2.974091,2.970000,200.880000,3.570000,1-S2n,0.000000,80.000000,205.000000,199.200000,200.000000,199.000000,80.000000,0.012500,2,circular,1.500000,,,230.000000,hy8_runs\hy8-Culvert-07-hw5.00-1a5478,hy8_runs\hy8-Culvert-07-hw5.00-1a5478\circular_hy8-Culvert-07-hw5.00-1a5478.rst,5
Culvert-07-hw5.00,0,205.000000,,4.461137,4.460000,201.130000,3.940000,1-S2n,0.000000,80.000000,205.000000,199.200000,200.000000,199.000000,80.000000,0.012500,2,circular,1.500000,,,230.000000,hy8_runs\hy8-Culvert-07-hw5.00-1a5478,hy8_runs\hy8-Culvert-07-hw5.00-1a5478\circular_hy8-Culvert-07-hw5.00-1a5478.rst,6
Culvert-07-hw5.00,1,205.000000,,0.000000,0.000000,200.000000,0.000000,0-NF,0.000000,0.000000,205.000000,199.200000,200.000000,199.000000,80.000000,0.012500,2,circular,1.500000,,,230.000000,hy8_runs\hy8-Culvert-07-hw5.00-fdccfa,hy8_runs\hy8-Culvert-07-hw5.00-fdccfa\circular_hy8-Culvert-07-hw5.00-fdccfa.rst,1
Culvert-07-hw5.00,1,205.000000,,0.743523,0.740000,200.410000,2.430000,1-S2n,0.000000,80.000000,205.000000,199.200000,200.000000,199.000000,80.000000,0.012500,2,circular,1.500000,,,230.000000,hy8_runs\hy8-Culvert-07-hw5.00-fdccfa,hy8_runs\hy8-Culvert-07-hw5.00-fdccfa\circular_hy8-Culvert-07-hw5.00-fdccfa.rst,2
Culvert-07-hw5.00,1,205.000000,,1.487046,1.490000,200.590000,2.980000,1-S2n,0.000000,80.000000,205.000000,199.200000,200.000000,199.000000,80.000000,0.012500,2,circular,1.500000,,,230.000000,hy8_runs\hy8-Culvert-07-hw5.00-fdccfa,hy8_runs\hy8-Culvert-07-hw5.00-fdccfa\circular_hy8-Culvert-07-hw5.00-fdccfa.rst,3
Culvert-07-hw5.00,1,205.000000,,2.230568,2.230000,200.730000,3.350000,1-S2n,0.000000,80.000000,205.000000,199.200000,200.000000,199.000000,80.000000,0.012500,2,circular,1.500000,,,230.000000,hy8_runs\hy8-Culvert-07-hw5.00-fdccfa,hy8_runs\hy8-Culvert-07-hw5.00-fdccfa\circular_hy8-Culvert-07-hw5.00-fdccfa.rst,4
Culvert-07-hw5.00,1,205.000000,,2.974091,2.970000,200.880000,3.570000,1-S2n,0.000000,80.000000,205.000000,199.200000,200.000000,199.000000,80.000000,0.012500,2,circular,1.500000,,,230.000000,hy8_runs\hy8-Culvert-07-hw5.00-fdccfa,hy8_runs\hy8-Culvert-07-hw5.00-fdccfa\circular_hy8-Culvert-07-hw5.00-fdccfa.rst,5
Culvert-07-hw5.00,1,205.000000,,4.461137,4.460000,201.130000,3.940000,1-S2n,0.000000,80.000000,205.000000,199.200000,200.000000,199.000000,80.000000,0.012500,2,circular,1.500000,,,230.000000,hy8_runs\hy8-Culvert-07-hw5.00-fdccfa,hy8_runs\hy8-Culvert-07-hw5.00-fdccfa\circular_hy8-Culvert-07-hw5.00-fdccfa.rst,6
Culvert-07-hw5.00,1,205.000000,,8.922274,8.920000,201.830000,4.670000,5-S2n,0.000000,80.000000,205.000000,199.200000,200.000000,199.000000,80.000000,0.012500,2,circular,1.500000,,,230.000000,hy8_runs\hy8-Culvert-07-hw5.00-fdccfa,hy8_runs\hy8-Culvert-07-hw5.00-fdccfa\circular_hy8-Culvert-07-hw5.00-fdccfa.rst,7
Culvert-07-hw5.00,2,205.000000,,0.000000,0.000000,200.000000,0.000000,0-NF,0.000000,0.000000,205.000000,199.200000,200.000000,199.000000,80.000000,0.012500,2,circular,1.500000,,,230.000000,hy8_runs\hy8-Culvert-07-hw5.00-d46ec6,hy8_runs\hy8-Culvert-07-hw5.00-d46ec6\circular_hy8-Culvert-07-hw5.00-d46ec6.rst,1
Culvert-07-hw5.00,2,205.000000,,0.743523,0.740000,200.410000,2.430000,1-S2n,0.000000,80.000000,205.000000,199.200000,200.000000,199.000000,80.000000,0.012500,2,circular,1.500000,,,230.000000,hy8_runs\hy8-Culvert-07-hw5.00-d46ec6,hy8_runs\hy8-Culvert-07-hw5.00-d46ec6\circular_hy8-Culvert-07-hw5.00-d46ec6.rst,2
Culvert-07-hw5.00,2,205.000000,,1.487046,1.490000,200.590000,2.980000,1-S2n,0.000000,80.000000,205.000000,199.200000,200.000000,199.000000,80.000000,0.012500,2,circular,1.500000,,,230.000000,hy8_runs\hy8-Culvert-07-hw5.00-d46ec6,hy8_runs\hy8-Culvert-07-hw5.00-d46ec6\circular_hy8-Culvert-07-hw5.00-d46ec6.rst,3
Culvert-07-hw5.00,2,205.000000,,2.230568,2.230000,200.730000,3.350000,1-S2n,0.000000,80.000000,205.000000,199.200000,200.000000,199.000000,80.000000,0.012500,2,circular,1.500000,,,230.000000,hy8_runs\hy8-Culvert-07-hw5.00-d46ec6,hy8_runs\hy8-Culvert-07-hw5.00-d46ec6\circular_hy8-Culvert-07-hw5.00-d46ec6.rst,4
Culvert-07-hw5.00,2,205.000000,,2.974091,2.970000,200.880000,3.570000,1-S2n,0.000000,80.000000,205.000000,199.200000,200.000000,199.000000,80.000000,0.012500,2,circular,1.500000,,,230.000000,hy8_runs\hy8-Culvert-07-hw5.00-d46ec6,hy8_runs\hy8-Culvert-07-hw5.00-d46ec6\circular_hy8-Culvert-07-hw5.00-d46ec6.rst,5
Culvert-07-hw5.00,2,205.000000,,4.461137,4.460000,201.130000,3.940000,1-S2n,0.000000,80.000000,205.000000,199.200000,200.000000,199.000000,80.000000,0.012500,2,circular,1.500000,,,230.000000,hy8_runs\hy8-Culvert-07-hw5.00-d46ec6,hy8_runs\hy8-Culvert-07-hw5.00-d46ec6\circular_hy8-Culvert-07-hw5.00-d46ec6.rst,6
Culvert-07-hw5.00,2,205.000000,,8.922274,8.920000,201.830000,4.670000,5-S2n,0.000000,80.000000,205.000000,199.200000,200.000000,199.000000,80.000000,0.012500,2,circular,1.500000,,,230.000000,hy8_runs\hy8-Culvert-07-hw5.00-d46ec6,hy8_runs\hy8-Culvert-07-hw5.00-d46ec6\circular_hy8-Culvert-07-hw5.00-d46ec6.rst,7
Culvert-07-hw5.00,2,205.000000,,17.844548,17.840000,204.320000,5.420000,5-S2n,0.000000,80.000000,205.000000,199.200000,200.000000,199.000000,80.000000,0.012500,2,circular,1.500000,,,230.000000,hy8_runs\hy8-Culvert-07-hw5.00-d46ec6,hy8_runs\hy8-Culvert-07-hw5.00-d46ec6\circular_hy8-Culvert-07-hw5.00-d46ec6.rst,8
Culvert-07-hw5.00,3,205.000000,,0.000000,0.000000,200.000000,0.000000,0-NF,0.000000,0.000000,205.000000,199.200000,200.000000,199.000000,80.000000,0.012500,2,circular,1.500000,,,230.000000,hy8_runs\hy8-Culvert-07-hw5.00-35f9e8,hy8_runs\hy8-Culvert-07-hw5.00-35f9e8\circular_hy8-Culvert-07-hw5.00-35f9e8.rst,1
Culvert-07-hw5.00,3,205.000000,,0.743523,0.740000,200.410000,2.430000,1-S2n,0.000000,80.000000,205.000000,199.200000,200.000000,199.000000,80.000000,0.012500,2,circular,1.500000,,,230.000000,hy8_runs\hy8-Culvert-07-hw5.00-35f9e8,hy8_runs\hy8-Culvert-07-hw5.00-35f9e8\circular_hy8-Culvert-07-hw5.00-35f9e8.rst,2
Culvert-07-hw5.00,3,205.000000,,1.487046,1.490000,200.590000,2.980000,1-S2n,0.000000,80.000000,205.000000,199.200000,200.000000,199.000000,80.000000,0.012500,2,circular,1.500000,,,230.000000,hy8_runs\hy8-Culvert-07-hw5.00-35f9e8,hy8_runs\hy8-Culvert-07-hw5.00-35f9e8\circular_hy8-Culvert-07-hw5.00-35f9e8.rst,3
Culvert-07-hw5.00,3,205.000000,,2.230568,2.230000,200.730000,3.350000,1-S2n,0.000000,80.000000,205.000000,199.200000,200.000000,199.000000,80.000000,0.012500,2,circular,1.500000,,,230.000000,hy8_runs\hy8-Culvert-07-hw5.00-35f9e8,hy8_runs\hy8-Culvert-07-hw5.00-35f9e8\circular_hy8-Culvert-07-hw5.00-35f9e8.rst,4
Culvert-07-hw5.00,3,205.000000,,2.974091,2.970000,200.880000,3.570000,1-S2n,0.000000,80.000000,205.000000,199.200000,200.000000,199.000000,80.000000,0.012500,2,circular,1.500000,,,230.000000,hy8_runs\hy8-Culvert-07-hw5.00-35f9e8,hy8_runs\hy8-Culvert-07-hw5.00-35f9e8\circular_hy8-Culvert-07-hw5.00-35f9e8.rst,5
Culvert-07-hw5.00,3,205.000000,,4.461137,4.460000,201.130000,3.940000,1-S2n,0.000000,80.000000,205.000000,199.200000,200.000000,199.000000,80.000000,0.012500,2,circular,1.500000,,,230.000000,hy8_runs\hy8-Culvert-07-hw5.00-35f9e8,hy8_runs\hy8-Culvert-07-hw5.00-35f9e8\circular_hy8-Culvert-07-hw5.00-35f9e8.rst,6
Culvert-07-hw5.00,3,205.000000,,8.922274,8.920000,201.830000,4.670000,5-S2n,0.000000,80.000000,205.000000,199.200000,200.000000,199.000000,80.000000,0.012500,2,circular,1.500000,,,230.000000,hy8_runs\hy8-Culvert-07-hw5.00-35f9e8,hy8_runs\hy8-Culvert-07-hw5.00-35f9e8\circular_hy8-Culvert-07-hw5.00-35f9e8.rst,7
Culvert-07-hw5.00,3,205.000000,,17.844548,17.840000,204.320000,5.420000,5-S2n,0.000000,80.000000,205.000000,199.200000,200.000000,199.000000,80.000000,0.012500,2,circular,1.500000,,,230.000000,hy8_runs\hy8-Culvert-07-hw5.00-35f9e8,hy8_runs\hy8-Culvert-07-hw5.00-35f9e8\circular_hy8-Culvert-07-hw5.00-35f9e8.rst,8
Culvert-07-hw5.00,3,205.000000,,35.689096,35.690000,214.970000,10.100000,6-FFc,80.010000,0.000000,205.000000,199.200000,200.000000,199.000000,80.000000,0.012500,2,circular,1.500000,,,230.000000,hy8_runs\hy8-Culvert-07-hw5.00-35f9e8,hy8_runs\hy8-Culvert-07-hw5.00-35f9e8\circular_hy8-Culvert-07-hw5.00-35f9e8.rst,9
Culvert-07-Q15.00,0,200.000000,15.000000,0.000000,0.000000,200.000000,0.000000,0-NF,0.000000,0.000000,200.000000,199.200000,200.000000,199.000000,80.000000,0.012500,2,circular,1.500000,,,230.000000,hy8_runs\hy8-Culvert-07-Q15.00-9c41c8,hy8_runs\hy8-Culvert-07-Q15.00-9c41c8\circular_hy8-Culvert-07-Q15.00-9c41c8.rst,1
Culvert-07-Q15.00,0,200.000000,15.000000,9.000000,9.000000,201.850000,4.680000,5-S2n,0.000000,80.000000,200.000000,199.200000,200.000000,199.000000,80.000000,0.012500,2,circular,1.500000,,,230.000000,hy8_runs\hy8-Culvert-07-Q15.00-9c41c8,hy8_runs\hy8-Culvert-07-Q15.00-9c41c8\circular_hy8-Culvert-07-Q15.00-9c41c8.rst,2
Culvert-07-Q15.00,0,200.000000,15.000000,12.750000,12.750000,202.680000,5.070000,5-S2n,0.000000,80.000000,200.000000,199.200000,200.000000,199.000000,80.000000,0.012500,2,circular,1.500000,,,230.000000,hy8_runs\hy8-Culvert-07-Q15.00-9c41c8,hy8_runs\hy8-Culvert-07-Q15.00-9c41c8\circular_hy8-Culvert-07-Q15.00-9c41c8.rst,3
Culvert-07-Q15.00,0,200.000000,15.000000,15.000000,15.000000,203.330000,5.260000,5-S2n,0.000000,80.000000,200.000000,199.200000,200.000000,199.000000,80.000000,0.012500,2,circular,1.500000,,,230.000000,hy8_runs\hy8-Culvert-07-Q15.00-9c41c8,hy8_runs\hy8-Culvert-07-Q15.00-9c41c8\circular_hy8-Culvert-07-Q15.00-9c41c8.rst,4
Culvert-07-Q15.00,0,200.000000,15.000000,17.250000,17.250000,204.100000,5.400000,5-S2n,0.000000,80.000000,200.000000,199.200000,200.000000,199.000000,80.000000,0.012500,2,circular,1.500000,,,230.000000,hy8_runs\hy8-Culvert-07-Q15.00-9c41c8,hy8_runs\hy8-Culvert-07-Q15.00-9c41c8\circular_hy8-Culvert-07-Q15.00-9c41c8.rst,5
Culvert-08-hw3.00,0,8.000000,,0.000000,0.000000,5.000000,0.000000,0-NF,0.000000,0.000000,8.000000,4.800000,5.000000,4.500000,25.000000,0.020000,1,box,,2.000000,1.000000,25.000000,hy8_runs\hy8-Culvert-08-hw3.00-fbb188,hy8_runs\hy8-Culvert-08-hw3.00-fbb188\box_hy8-Culvert-08-hw3.00-fbb188.rst,1
Culvert-08-hw3.00,0,8.000000,,1.139292,1.140000,5.540000,3.100000,1-S2n,0.000000,25.000000,8.000000,4.800000,5.000000,4.500000,25.000000,0.020000,1,box,,2.000000,1.000000,25.000000,hy8_runs\hy8-Culvert-08-hw3.00-fbb188,hy8_runs\hy8-Culvert-08-hw3.00-fbb188\box_hy8-Culvert-08-hw3.00-fbb188.rst,2
Culvert-08-hw3.00,0,8.000000,,2.278583,2.280000,5.850000,3.720000,1-S2n,0.000000,25.000000,8.000000,4.800000,5.000000,4.500000,25.000000,0.020000,1,box,,2.000000,1.000000,25.000000,hy8_runs\hy8-Culvert-08-hw3.00-fbb188,hy8_runs\hy8-Culvert-08-hw3.00-fbb188\box_hy8-Culvert-08-hw3.00-fbb188.rst,3
Culvert-08-hw3.00,0,8.000000,,3.417875,3.420000,6.140000,4.110000,5-S2n,0.000000,25.000000,8.000000,4.800000,5.000000,4.500000,25.000000,0.020000,1,box,,2.000000,1.000000,25.000000,hy8_runs\hy8-Culvert-08-hw3.00-fbb188,hy8_runs\hy8-Culvert-08-hw3.00-fbb188\box_hy8-Culvert-08-hw3.00-fbb188.rst,4
Culvert-08-hw3.00,0,8.000000,,4.557166,4.560000,6.450000,4.390000,5-S2n,0.000000,25.000000,8.000000,4.800000,5.000000,4.500000,25.000000,0.020000,1,box,,2.000000,1.000000,25.000000,hy8_runs\hy8-Culvert-08-hw3.00-fbb188,hy8_runs\hy8-Culvert-08-hw3.00-fbb188\box_hy8-Culvert-08-hw3.00-fbb188.rst,5
Culvert-08-hw3.00,0,8.000000,,6.835749,6.840000,7.320000,4.810000,5-S2n,0.000000,25.000000,8.000000,4.800000,5.000000,4.500000,25.000000,0.020000,1,box,,2.000000,1.000000,25.000000,hy8_runs\hy8-Culvert-08-hw3.00-fbb188,hy8_runs\hy8-Culvert-08-hw3.00-fbb188\box_hy8-Culvert-08-hw3.00-fbb188.rst,6
Culvert-08-hw3.00,1,8.000000,,0.000000,0.000000,5.000000,0.000000,0-NF,0.000000,0.000000,8.000000,4.800000,5.000000,4.500000,25.000000,0.020000,1,box,,2.000000,1.000000,25.000000,hy8_runs\hy8-Culvert-08-hw3.00-d3821f,hy8_runs\hy8-Culvert-08-hw3.00-d3821f\box_hy8-Culvert-08-hw3.00-d3821f.rst,1
Culvert-08-hw3.00,1,8.000000,,1.139292,1.140000,5.540000,3.100000,1-S2n,0.000000,25.000000,8.000000,4.800000,5.000000,4.500000,25.000000,0.020000,1,box,,2.000000,1.000000,25.000000,hy8_runs\hy8-Culvert-08-hw3.00-d3821f,hy8_runs\hy8-Culvert-08-hw3.00-d3821f\box_hy8-Culvert-08-hw3.00-d3821f.rst,2
Culvert-08-hw3.00,1,8.000000,,2.278583,2.280000,5.850000,3.720000,1-S2n,0.000000,25.000000,8.000000,4.800000,5.000000,4.500000,25.000000,0.020000,1,box,,2.000000,1.000000,25.000000,hy8_runs\hy8-Culvert-08-hw3.00-d3821f,hy8_runs\hy8-Culvert-08-hw3.00-d3821f\box_hy8-Culvert-08-hw3.00-d3821f.rst,3
Culvert-08-hw3.00,1,8.000000,,3.417875,3.420000,6.140000,4.110000,5-S2n,0.000000,25.000000,8.000000,4.800000,5.000000,4.500000,25.000000,0.020000,1,box,,2.000000,1.000000,25.000000,hy8_runs\hy8-Culvert-08-hw3.00-d3821f,hy8_runs\hy8-Culvert-08-hw3.00-d3821f\box_hy8-Culvert-08-hw3.00-d3821f.rst,4
Culvert-08-hw3.00,1,8.000000,,4.557166,4.560000,6.450000,4.390000,5-S2n,0.000000,25.000000,8.000000,4.800000,5.000000,4.500000,25.000000,0.020000,1,box,,2.000000,1.000000,25.000000,hy8_runs\hy8-Culvert-08-hw3.00-d3821f,hy8_runs\hy8-Culvert-08-hw3.00-d3821f\box_hy8-Culvert-08-hw3.00-d3821f.rst,5
Culvert-08-hw3.00,1,8.000000,,6.835749,6.840000,7.320000,4.810000,5-S2n,0.000000,25.000000,8.000000,4.800000,5.000000,4.500000,25.000000,0.020000,1,box,,2.000000,1.000000,25.000000,hy8_runs\hy8-Culvert-08-hw3.00-d3821f,hy8_runs\hy8-Culvert-08-hw3.00-d3821f\box_hy8-Culvert-08-hw3.00-d3821f.rst,6
Culvert-08-hw3.00,1,8.000000,,13.671498,13.670000,12.480000,7.280000,5-S2n,0.000000,25.000000,8.000000,4.800000,5.000000,4.500000,25.000000,0.020000,1,box,,2.000000,1.000000,25.000000,hy8_runs\hy8-Culvert-08-hw3.00-d3821f,hy8_runs\hy8-Culvert-08-hw3.00-d3821f\box_hy8-Culvert-08-hw3.00-d3821f.rst,7
Culvert-08-Q8.00,0,5.000000,8.000000,0.000000,0.000000,5.000000,0.000000,0-NF,0.000000,0.000000,5.000000,4.800000,5.000000,4.500000,25.000000,0.020000,1,box,,2.000000,1.000000,25.000000,hy8_runs\hy8-Culvert-08-Q8.00-d631b8,hy8_runs\hy8-Culvert-08-Q8.00-d631b8\box_hy8-Culvert-08-Q8.00-d631b8.rst,1
Culvert-08-Q8.00,0,5.000000,8.000000,4.800000,4.800000,6.530000,4.440000,5-S2n,0.000000,25.000000,5.000000,4.800000,5.000000,4.500000,25.000000,0.020000,1,box,,2.000000,1.000000,25.000000,hy8_runs\hy8-Culvert-08-Q8.00-d631b8,hy8_runs\hy8-Culvert-08-Q8.00-d631b8\box_hy8-Culvert-08-Q8.00-d631b8.rst,2
Culvert-08-Q8.00,0,5.000000,8.000000,6.800000,6.800000,7.300000,4.810000,5-S2n,0.000000,25.000000,5.000000,4.800000,5.000000,4.500000,25.000000,0.020000,1,box,,2.000000,1.000000,25.000000,hy8_runs\hy8-Culvert-08-Q8.00-d631b8,hy8_runs\hy8-Culvert-08-Q8.00-d631b8\box_hy8-Culvert-08-Q8.00-d631b8.rst,3
Culvert-08-Q8.00,0,5.000000,8.000000,8.000000,8.000000,7.900000,5.060000,5-S2n,0.000000,25.000000,5.000000,4.800000,5.000000,4.500000,25.000000,0.020000,1,box,,2.000000,1.000000,25.000000,hy8_runs\hy8-Culvert-08-Q8.00-d631b8,hy8_runs\hy8-Culvert-08-Q8.00-d631b8\box_hy8-Culvert-08-Q8.00-d631b8.rst,4
Culvert-08-Q8.00,0,5.000000,8.000000,9.200000,9.200000,8.660000,5.370000,5-S2n,0.000000,25.000000,5.000000,4.800000,5.000000,4.500000,25.000000,0.020000,1,box,,2.000000,1.000000,25.000000,hy8_runs\hy8-Culvert-08-Q8.00-d631b8,hy8_runs\hy8-Culvert-08-Q8.00-d631b8\box_hy8-Culvert-08-Q8.00-d631b8.rst,5
Culvert-09-hw5.00,0,13.000000,,0.000000,0.000000,8.000000,0.000000,0-NF,0.000000,0.000000,13.000000,7.200000,8.000000,7.000000,40.000000,0.025000,2,box,,3.000000,2.000000,48.000000,hy8_runs\hy8-Culvert-09-hw5.00-8029ce,hy8_runs\hy8-Culvert-09-hw5.00-8029ce\box_hy8-Culvert-09-hw5.00-8029ce.rst,1
Culvert-09-hw5.00,0,13.000000,,3.186216,3.190000,8.510000,3.520000,1-S2n,0.000000,40.000000,13.000000,7.200000,8.000000,7.000000,40.000000,0.025000,2,box,,3.000000,2.000000,48.000000,hy8_runs\hy8-Culvert-09-hw5.00-8029ce,hy8_runs\hy8-Culvert-09-hw5.00-8029ce\box_hy8-Culvert-09-hw5.00-8029ce.rst,2
Culvert-09-hw5.00,0,13.000000,,6.372432,6.370000,8.810000,4.230000,1-S2n,0.000000,40.000000,13.000000,7.200000,8.000000,7.000000,40.000000,0.025000,2,box,,3.000000,2.000000,48.000000,hy8_runs\hy8-Culvert-09-hw5.00-8029ce,hy8_runs\hy8-Culvert-09-hw5.00-8029ce\box_hy8-Culvert-09-hw5.00-8029ce.rst,3
Culvert-09-hw5.00,0,13.000000,,9.558648,9.560000,9.070000,4.710000,1-S2n,0.000000,40.000000,13.000000,7.200000,8.000000,7.000000,40.000000,0.025000,2,box,,3.000000,2.000000,48.000000,hy8_runs\hy8-Culvert-09-hw5.00-8029ce,hy8_runs\hy8-Culvert-09-hw5.00-8029ce\box_hy8-Culvert-09-hw5.00-8029ce.rst,4
Culvert-09-hw5.00,0,13.000000,,12.744863,12.740000,9.290000,5.050000,1-S2n,0.000000,40.000000,13.000000,7.200000,8.000000,7.000000,40.000000,0.025000,2,box,,3.000000,2.000000,48.000000,hy8_runs\hy8-Culvert-09-hw5.00-8029ce,hy8_runs\hy8-Culvert-09-hw5.00-8029ce\box_hy8-Culvert-09-hw5.00-8029ce.rst,5
Culvert-09-hw5.00,0,13.000000,,19.117295,19.120000,9.690000,5.520000,1-S2n,0.000000,40.000000,13.000000,7.200000,8.000000,7.000000,40.000000,0.025000,2,box,,3.000000,2.000000,48.000000,hy8_runs\hy8-Culvert-09-hw5.00-8029ce,hy8_runs\hy8-Culvert-09-hw5.00-8029ce\box_hy8-Culvert-09-hw5.00-8029ce.rst,6
Culvert-09-hw5.00,1,13.000000,,0.000000,0.000000,8.000000,0.000000,0-NF,0.000000,0.000000,13.000000,7.200000,8.000000,7.000000,40.000000,0.025000,2,box,,3.000000,2.000000,48.000000,hy8_runs\hy8-Culvert-09-hw5.00-a4c855,hy8_runs\hy8-Culvert-09-hw5.00-a4c855\box_hy8-Culvert-09-hw5.00-a4c855.rst,1
Culvert-09-hw5.00,1,13.000000,,3.186216,3.190000,8.510000,3.520000,1-S2n,0.000000,40.000000,13.000000,7.200000,8.000000,7.000000,40.000000,0.025000,2,box,,3.000000,2.000000,48.000000,hy8_runs\hy8-Culvert-09-hw5.00-a4c855,hy8_runs\hy8-Culvert-09-hw5.00-a4c855\box_hy8-Culvert-09-hw5.00-a4c855.rst,2
Culvert-09-hw5.00,1,13.000000,,6.372432,6.370000,8.810000,4.230000,1-S2n,0.000000,40.000000,13.000000,7.200000,8.000000,7.000000,40.000000,0.025000,2,box,,3.000000,2.000000,48.000000,hy8_runs\hy8-Culvert-09-hw5.00-a4c855,hy8_runs\hy8-Culvert-09-hw5.00-a4c855\box_hy8-Culvert-09-hw5.00-a4c855.rst,3
Culvert-09-hw5.00,1,13.000000,,9.558648,9.560000,9.070000,4.710000,1-S2n,0.000000,40.000000,13.000000,7.200000,8.000000,7.000000,40.000000,0.025000,2,box,,3.000000,2.000000,48.000000,hy8_runs\hy8-Culvert-09-hw5.00-a4c855,hy8_runs\hy8-Culvert-09-hw5.00-a4c855\box_hy8-Culvert-09-hw5.00-a4c855.rst,4
Culvert-09-hw5.00,1,13.000000,,12.744863,12.740000,9.290000,5.050000,1-S2n,0.000000,40.000000,13.000000,7.200000,8.000000,7.000000,40.000000,0.025000,2,box,,3.000000,2.000000,48.000000,hy8_runs\hy8-Culvert-09-hw5.00-a4c855,hy8_runs\hy8-Culvert-09-hw5.00-a4c855\box_hy8-Culvert-09-hw5.00-a4c855.rst,5
Culvert-09-hw5.00,1,13.000000,,19.117295,19.120000,9.690000,5.520000,1-S2n,0.000000,40.000000,13.000000,7.200000,8.000000,7.000000,40.000000,0.025000,2,box,,3.000000,2.000000,48.000000,hy8_runs\hy8-Culvert-09-hw5.00-a4c855,hy8_runs\hy8-Culvert-09-hw5.00-a4c855\box_hy8-Culvert-09-hw5.00-a4c855.rst,6
Culvert-09-hw5.00,1,13.000000,,38.234590,38.230000,10.870000,6.390000,5-S2n,0.000000,40.000000,13.000000,7.200000,8.000000,7.000000,40.000000,0.025000,2,box,,3.000000,2.000000,48.000000,hy8_runs\hy8-Culvert-09-hw5.00-a4c855,hy8_runs\hy8-Culvert-09-hw5.00-a4c855\box_hy8-Culvert-09-hw5.00-a4c855.rst,7
Culvert-09-hw5.00,2,13.000000,,0.000000,0.000000,8.000000,0.000000,0-NF,0.000000,0.000000,13.000000,7.200000,8.000000,7.000000,40.000000,0.025000,2,box,,3.000000,2.000000,48.000000,hy8_runs\hy8-Culvert-09-hw5.00-0de256,hy8_runs\hy8-Culvert-09-hw5.00-0de256\box_hy8-Culvert-09-hw5.00-0de256.rst,1
Culvert-09-hw5.00,2,13.000000,,3.186216,3.190000,8.510000,3.520000,1-S2n,0.000000,40.000000,13.000000,7.200000,8.000000,7.000000,40.000000,0.025000,2,box,,3.000000,2.000000,48.000000,hy8_runs\hy8-Culvert-09-hw5.00-0de256,hy8_runs\hy8-Culvert-09-hw5.00-0de256\box_hy8-Culvert-09-hw5.00-0de256.rst,2
Culvert-09-hw5.00,2,13.000000,,6.372432,6.370000,8.810000,4.230000,1-S2n,0.000000,40.000000,13.000000,7.200000,8.000000,7.000000,40.000000,0.025000,2,box,,3.000000,2.000000,48.000000,hy8_runs\hy8-Culvert-09-hw5.00-0de256,hy8_runs\hy8-Culvert-09-hw5.00-0de256\box_hy8-Culvert-09-hw5.00-0de256.rst,3
Culvert-09-hw5.00,2,13.000000,,9.558648,9.560000,9.070000,4.710000,1-S2n,0.000000,40.000000,13.000000,7.200000,8.000000,7.000000,40.000000,0.025000,2,box,,3.000000,2.000000,48.000000,hy8_runs\hy8-Culvert-09-hw5.00-0de256,hy8_runs\hy8-Culvert-09-hw5.00-0de256\box_hy8-Culvert-09-hw5.00-0de256.rst,4
Culvert-09-hw5.00,2,13.000000,,12.744863,12.740000,9.290000,5.050000,1-S2n,0.000000,40.000000,13.000000,7.200000,8.000000,7.000000,40.000000,0.025000,2,box,,3.000000,2.000000,48.000000,hy8_runs\hy8-Culvert-09-hw5.00-0de256,hy8_runs\hy8-Culvert-09-hw5.00-0de256\box_hy8-Culvert-09-hw5.00-0de256.rst,5
Culvert-09-hw5.00,2,13.000000,,19.117295,19.120000,9.690000,5.520000,1-S2n,0.000000,40.000000,13.000000,7.200000,8.000000,7.000000,40.000000,0.025000,2,box,,3.000000,2.000000,48.000000,hy8_runs\hy8-Culvert-09-hw5.00-0de256,hy8_runs\hy8-Culvert-09-hw5.00-0de256\box_hy8-Culvert-09-hw5.00-0de256.rst,6
Culvert-09-hw5.00,2,13.000000,,38.234590,38.230000,10.870000,6.390000,5-S2n,0.000000,40.000000,13.000000,7.200000,8.000000,7.000000,40.000000,0.025000,2,box,,3.000000,2.000000,48.000000,hy8_runs\hy8-Culvert-09-hw5.00-0de256,hy8_runs\hy8-Culvert-09-hw5.00-0de256\box_hy8-Culvert-09-hw5.00-0de256.rst,7
Culvert-09-hw5.00,2,13.000000,,76.469180,76.470000,15.060000,7.710000,5-S2n,0.000000,40.000000,13.000000,7.200000,8.000000,7.000000,40.000000,0.025000,2,box,,3.000000,2.000000,48.000000,hy8_runs\hy8-Culvert-09-hw5.00-0de256,hy8_runs\hy8-Culvert-09-hw5.00-0de256\box_hy8-Culvert-09-hw5.00-0de256.rst,8
Culvert-09-Q15.00,0,8.000000,15.000000,0.000000,0.000000,8.000000,0.000000,0-NF,0.000000,0.000000,8.000000,7.200000,8.000000,7.000000,40.000000,0.025000,2,box,,3.000000,2.000000,48.000000,hy8_runs\hy8-Culvert-09-Q15.00-6a535b,hy8_runs\hy8-Culvert-09-Q15.00-6a535b\box_hy8-Culvert-09-Q15.00-6a535b.rst,1
Culvert-09-Q15.00,0,8.000000,15.000000,9.000000,9.000000,9.020000,4.650000,1-S2n,0.000000,40.000000,8.000000,7.200000,8.000000,7.000000,40.000000,0.025000,2,box,,3.000000,2.000000,48.000000,hy8_runs\hy8-Culvert-09-Q15.00-6a535b,hy8_runs\hy8-Culvert-09-Q15.00-6a535b\box_hy8-Culvert-09-Q15.00-6a535b.rst,2
Culvert-09-Q15.00,0,8.000000,15.000000,12.750000,12.750000,9.290000,5.050000,1-S2n,0.000000,40.000000,8.000000,7.200000,8.000000,7.000000,40.000000,0.025000,2,box,,3.000000,2.000000,48.000000,hy8_runs\hy8-Culvert-09-Q15.00-6a535b,hy8_runs\hy8-Culvert-09-Q15.00-6a535b\box_hy8-Culvert-09-Q15.00-6a535b.rst,3
Culvert-09-Q15.00,0,8.000000,15.000000,15.000000,15.000000,9.430000,5.240000,1-S2n,0.000000,40.000000,8.000000,7.200000,8.000000,7.000000,40.000000,0.025000,2,box,,3.000000,2.000000,48.000000,hy8_runs\hy8-Culvert-09-Q15.00-6a535b,hy8_runs\hy8-Culvert-09-Q15.00-6a535b\box_hy8-Culvert-09-Q15.00-6a535b.rst,4
Culvert-09-Q15.00,0,8.000000,15.000000,17.250000,17.250000,9.570000,5.400000,1-S2n,0.000000,40.000000,8.000000,7.200000,8.000000,7.000000,40.000000,0.025000,2,box,,3.000000,2.000000,48.000000,hy8_runs\hy8-Culvert-09-Q15.00-6a535b,hy8_runs\hy8-Culvert-09-Q15.00-6a535b\box_hy8-Culvert-09-Q15.00-6a535b.rst,5
Culvert-10-hw5.00,0,55.000000,,0.000000,0.000000,50.000000,0.000000,0-NF,0.000000,0.000000,55.000000,49.600000,50.000000,49.500000,60.000000,0.008333,1,circular,0.600000,,,62.000000,hy8_runs\hy8-Culvert-10-hw5.00-88848a,hy8_runs\hy8-Culvert-10-hw5.00-88848a\circular_hy8-Culvert-10-hw5.00-88848a.rst,1
Culvert-10-hw5.00,0,55.000000,,0.078298,0.080000,50.240000,1.480000,1-S2n,0.000000,60.000000,55.000000,49.600000,50.000000,49.500000,60.000000,0.008333,1,circular,0.600000,,,62.000000,hy8_runs\hy8-Culvert-10-hw5.00-88848a,hy8_runs\hy8-Culvert-10-hw5.00-88848a\circular_hy8-Culvert-10-hw5.00-88848a.rst,2
Culvert-10-hw5.00,0,55.000000,,0.156596,0.160000,50.360000,1.800000,1-S2n,0.000000,60.000000,55.000000,49.600000,50.000000,49.500000,60.000000,0.008333,1,circular,0.600000,,,62.000000,hy8_runs\hy8-Culvert-10-hw5.00-88848a,hy8_runs\hy8-Culvert-10-hw5.00-88848a\circular_hy8-Culvert-10-hw5.00-88848a.rst,3
Culvert-10-hw5.00,0,55.000000,,0.234895,0.230000,50.460000,2.010000,1-S2n,0.000000,60.000000,55.000000,49.600000,50.000000,49.500000,60.000000,0.008333,1,circular,0.600000,,,62.000000,hy8_runs\hy8-Culvert-10-hw5.00-88848a,hy8_runs\hy8-Culvert-10-hw5.00-88848a\circular_hy8-Culvert-10-hw5.00-88848a.rst,4
Culvert-10-hw5.00,0,55.000000,,0.313193,0.310000,50.560000,2.170000,1-S2n,0.000000,60.000000,55.000000,49.600000,50.000000,49.500000,60.000000,0.008333,1,circular,0.600000,,,62.000000,hy8_runs\hy8-Culvert-10-hw5.00-88848a,hy8_runs\hy8-Culvert-10-hw5.00-88848a\circular_hy8-Culvert-10-hw5.00-88848a.rst,5
Culvert-10-hw5.00,0,55.000000,,0.469789,0.470000,50.760000,2.380000,5-S2n,0.000000,60.000000,55.000000,49.600000,50.000000,49.500000,60.000000,0.008333,1,circular,0.600000,,,62.000000,hy8_runs\hy8-Culvert-10-hw5.00-88848a,hy8_runs\hy8-Culvert-10-hw5.00-88848a\circular_hy8-Culvert-10-hw5.00-88848a.rst,6
Culvert-10-hw5.00,1,55.000000,,0.000000,0.000000,50.000000,0.000000,0-NF,0.000000,0.000000,55.000000,49.600000,50.000000,49.500000,60.000000,0.008333,1,circular,0.600000,,,62.000000,hy8_runs\hy8-Culvert-10-hw5.00-848acc,hy8_runs\hy8-Culvert-10-hw5.00-848acc\circular_hy8-Culvert-10-hw5.00-848acc.rst,1
Culvert-10-hw5.00,1,55.000000,,0.078298,0.080000,50.240000,1.480000,1-S2n,0.000000,60.000000,55.000000,49.600000,50.000000,49.500000,60.000000,0.008333,1,circular,0.600000,,,62.000000,hy8_runs\hy8-Culvert-10-hw5.00-848acc,hy8_runs\hy8-Culvert-10-hw5.00-848acc\circular_hy8-Culvert-10-hw5.00-848acc.rst,2
Culvert-10-hw5.00,1,55.000000,,0.156596,0.160000,50.360000,1.800000,1-S2n,0.000000,60.000000,55.000000,49.600000,50.000000,49.500000,60.000000,0.008333,1,circular,0.600000,,,62.000000,hy8_runs\hy8-Culvert-10-hw5.00-848acc,hy8_runs\hy8-Culvert-10-hw5.00-848acc\circular_hy8-Culvert-10-hw5.00-848acc.rst,3
Culvert-10-hw5.00,1,55.000000,,0.234895,0.230000,50.460000,2.010000,1-S2n,0.000000,60.000000,55.000000,49.600000,50.000000,49.500000,60.000000,0.008333,1,circular,0.600000,,,62.000000,hy8_runs\hy8-Culvert-10-hw5.00-848acc,hy8_runs\hy8-Culvert-10-hw5.00-848acc\circular_hy8-Culvert-10-hw5.00-848acc.rst,4
Culvert-10-hw5.00,1,55.000000,,0.313193,0.310000,50.560000,2.170000,1-S2n,0.000000,60.000000,55.000000,49.600000,50.000000,49.500000,60.000000,0.008333,1,circular,0.600000,,,62.000000,hy8_runs\hy8-Culvert-10-hw5.00-848acc,hy8_runs\hy8-Culvert-10-hw5.00-848acc\circular_hy8-Culvert-10-hw5.00-848acc.rst,5
Culvert-10-hw5.00,1,55.000000,,0.469789,0.470000,50.760000,2.380000,5-S2n,0.000000,60.000000,55.000000,49.600000,50.000000,49.500000,60.000000,0.008333,1,circular,0.600000,,,62.000000,hy8_runs\hy8-Culvert-10-hw5.00-848acc,hy8_runs\hy8-Culvert-10-hw5.00-848acc\circular_hy8-Culvert-10-hw5.00-848acc.rst,6
Culvert-10-hw5.00,1,55.000000,,0.939578,0.940000,52.130000,3.420000,7-M2c,59.350000,0.650000,55.000000,49.600000,50.000000,49.500000,60.000000,0.008333,1,circular,0.600000,,,62.000000,hy8_runs\hy8-Culvert-10-hw5.00-848acc,hy8_runs\hy8-Culvert-10-hw5.00-848acc\circular_hy8-Culvert-10-hw5.00-848acc.rst,7
Culvert-10-hw5.00,2,55.000000,,0.000000,0.000000,50.000000,0.000000,0-NF,0.000000,0.000000,55.000000,49.600000,50.000000,49.500000,60.000000,0.008333,1,circular,0.600000,,,62.000000,hy8_runs\hy8-Culvert-10-hw5.00-3f93b9,hy8_runs\hy8-Culvert-10-hw5.00-3f93b9\circular_hy8-Culvert-10-hw5.00-3f93b9.rst,1
Culvert-10-hw5.00,2,55.000000,,0.078298,0.080000,50.240000,1.480000,1-S2n,0.000000,60.000000,55.000000,49.600000,50.000000,49.500000,60.000000,0.008333,1,circular,0.600000,,,62.000000,hy8_runs\hy8-Culvert-10-hw5.00-3f93b9,hy8_runs\hy8-Culvert-10-hw5.00-3f93b9\circular_hy8-Culvert-10-hw5.00-3f93b9.rst,2
Culvert-10-hw5.00,2,55.000000,,0.156596,0.160000,50.360000,1.800000,1-S2n,0.000000,60.000000,55.000000,49.600000,50.000000,49.500000,60.000000,0.008333,1,circular,0.600000,,,62.000000,hy8_runs\hy8-Culvert-10-hw5.00-3f93b9,hy8_runs\hy8-Culvert-10-hw5.00-3f93b9\circular_hy8-Culvert-10-hw5.00-3f93b9.rst,3
Culvert-10-hw5.00,2,55.000000,,0.234895,0.230000,50.460000,2.010000,1-S2n,0.000000,60.000000,55.000000,49.600000,50.000000,49.500000,60.000000,0.008333,1,circular,0.600000,,,62.000000,hy8_runs\hy8-Culvert-10-hw5.00-3f93b9,hy8_runs\hy8-Culvert-10-hw5.00-3f93b9\circular_hy8-Culvert-10-hw5.00-3f93b9.rst,4
Culvert-10-hw5.00,2,55.000000,,0.313193,0.310000,50.560000,2.170000,1-S2n,0.000000,60.000000,55.000000,49.600000,50.000000,49.500000,60.000000,0.008333,1,circular,0.600000,,,62.000000,hy8_runs\hy8-Culvert-10-hw5.00-3f93b9,hy8_runs\hy8-Culvert-10-hw5.00-3f93b9\circular_hy8-Culvert-10-hw5.00-3f93b9.rst,5
Culvert-10-hw5.00,2,55.000000,,0.469789,0.470000,50.760000,2.380000,5-S2n,0.000000,60.000000,55.000000,49.600000,50.000000,49.500000,60.000000,0.008333,1,circular,0.600000,,,62.000000,hy8_runs\hy8-Culvert-10-hw5.00-3f93b9,hy8_runs\hy8-Culvert-10-hw5.00-3f93b9\circular_hy8-Culvert-10-hw5.00-3f93b9.rst,6
Culvert-10-hw5.00,2,55.000000,,0.939578,0.940000,52.130000,3.420000,7-M2c,59.350000,0.650000,55.000000,49.600000,50.000000,49.500000,60.000000,0.008333,1,circular,0.600000,,,62.000000,hy8_runs\hy8-Culvert-10-hw5.00-3f93b9,hy8_runs\hy8-Culvert-10-hw5.00-3f93b9\circular_hy8-Culvert-10-hw5.00-3f93b9.rst,7
Culvert-10-hw5.00,2,55.000000,,1.879156,1.880000,58.240000,6.650000,6-FFc,60.000000,0.000000,55.000000,49.600000,50.000000,49.500000,60.000000,0.008333,1,circular,0.600000,,,62.000000,hy8_runs\hy8-Culvert-10-hw5.00-3f93b9,hy8_runs\hy8-Culvert-10-hw5.00-3f93b9\circular_hy8-Culvert-10-hw5.00-3f93b9.rst,8
Culvert-10-Q5.00,0,50.000000,5.000000,0.000000,0.000000,50.000000,0.000000,0-NF,0.000000,0.000000,50.000000,49.600000,50.000000,49.500000,60.000000,0.008333,1,circular,0.600000,,,62.000000,hy8_runs\hy8-Culvert-10-Q5.00-d2d1ae,hy8_runs\hy8-Culvert-10-Q5.00-d2d1ae\circular_hy8-Culvert-10-Q5.00-d2d1ae.rst,1
Culvert-10-Q5.00,0,50.000000,5.000000,3.000000,3.000000,62.040000,8.050000,6-FFc,60.000000,0.000000,50.000000,49.600000,50.000000,49.500000,60.000000,0.008333,1,circular,0.600000,,,62.000000,hy8_runs\hy8-Culvert-10-Q5.00-d2d1ae,hy8_runs\hy8-Culvert-10-Q5.00-d2d1ae\circular_hy8-Culvert-10-Q5.00-d2d1ae.rst,2
Culvert-10-Q5.00,0,50.000000,5.000000,4.250000,4.250000,62.070000,8.060000,6-FFc,60.000000,0.000000,50.000000,49.600000,50.000000,49.500000,60.000000,0.008333,1,circular,0.600000,,,62.000000,hy8_runs\hy8-Culvert-10-Q5.00-d2d1ae,hy8_runs\hy8-Culvert-10-Q5.00-d2d1ae\circular_hy8-Culvert-10-Q5.00-d2d1ae.rst,3
Culvert-10-Q5.00,0,50.000000,5.000000,5.000000,5.000000,62.090000,8.070000,6-FFc,60.000000,0.000000,50.000000,49.600000,50.000000,49.500000,60.000000,0.008333,1,circular,0.600000,,,62.000000,hy8_runs\hy8-Culvert-10-Q5.00-d2d1ae,hy8_runs\hy8-Culvert-10-Q5.00-d2d1ae\circular_hy8-Culvert-10-Q5.00-d2d1ae.rst,4
Culvert-10-Q5.00,0,50.000000,5.000000,5.750000,5.750000,62.110000,8.070000,6-FFc,60.000000,0.000000,50.000000,49.600000,50.000000,49.500000,60.000000,0.008333,1,circular,0.600000,,,62.000000,hy8_runs\hy8-Culvert-10-Q5.00-d2d1ae,hy8_runs\hy8-Culvert-10-Q5.00-d2d1ae\circular_hy8-Culvert-10-Q5.00-d2d1ae.rst,5
Culvert-11-hw5.00,0,17.000000,,0.000000,0.000000,12.000000,0.000000,0-NF,0.000000,0.000000,17.000000,11.100000,12.000000,11.000000,25.000000,0.040000,1,circular,1.200000,,,36.000000,hy8_runs\hy8-Culvert-11-hw5.00-dc1a6d,hy8_runs\hy8-Culvert-11-hw5.00-dc1a6d\circular_hy8-Culvert-11-hw5.00-dc1a6d.rst,1
Culvert-11-hw5.00,0,17.000000,,0.120859,0.120000,12.260000,1.660000,1-S2n,0.000000,25.000000,17.000000,11.100000,12.000000,11.000000,25.000000,0.040000,1,circular,1.200000,,,36.000000,hy8_runs\hy8-Culvert-11-hw5.00-dc1a6d,hy8_runs\hy8-Culvert-11-hw5.00-dc1a6d\circular_hy8-Culvert-11-hw5.00-dc1a6d.rst,2
Culvert-11-hw5.00,0,17.000000,,0.241719,0.240000,12.370000,2.030000,1-S2n,0.000000,25.000000,17.000000,11.100000,12.000000,11.000000,25.000000,0.040000,1,circular,1.200000,,,36.000000,hy8_runs\hy8-Culvert-11-hw5.00-dc1a6d,hy8_runs\hy8-Culvert-11-hw5.00-dc1a6d\circular_hy8-Culvert-11-hw5.00-dc1a6d.rst,3
Culvert-11-hw5.00,0,17.000000,,0.362578,0.360000,12.460000,2.290000,1-S2n,0.000000,25.000000,17.000000,11.100000,12.000000,11.000000,25.000000,0.040000,1,circular,1.200000,,,36.000000,hy8_runs\hy8-Culvert-11-hw5.00-dc1a6d,hy8_runs\hy8-Culvert-11-hw5.00-dc1a6d\circular_hy8-Culvert-11-hw5.00-dc1a6d.rst,4
Culvert-11-hw5.00,0,17.000000,,0.483438,0.480000,12.530000,2.490000,1-S2n,0.000000,25.000000,17.000000,11.100000,12.000000,11.000000,25.000000,0.040000,1,circular,1.200000,,,36.000000,hy8_runs\hy8-Culvert-11-hw5.00-dc1a6d,hy8_runs\hy8-Culvert-11-hw5.00-dc1a6d\circular_hy8-Culvert-11-hw5.00-dc1a6d.rst,5
Culvert-11-hw5.00,0,17.000000,,0.725157,0.730000,12.670000,2.800000,1-S2n,0.000000,25.000000,17.000000,11.100000,12.000000,11.000000,25.000000,0.040000,1,circular,1.200000,,,36.000000,hy8_runs\hy8-Culvert-11-hw5.00-dc1a6d,hy8_runs\hy8-Culvert-11-hw5.00-dc1a6d\circular_hy8-Culvert-11-hw5.00-dc1a6d.rst,6
Culvert-11-hw5.00,1,17.000000,,0.000000,0.000000,12.000000,0.000000,0-NF,0.000000,0.000000,17.000000,11.100000,12.000000,11.000000,25.000000,0.040000,1,circular,1.200000,,,36.000000,hy8_runs\hy8-Culvert-11-hw5.00-28d123,hy8_runs\hy8-Culvert-11-hw5.00-28d123\circular_hy8-Culvert-11-hw5.00-28d123.rst,1
Culvert-11-hw5.00,1,17.000000,,0.120859,0.120000,12.260000,1.660000,1-S2n,0.000000,25.000000,17.000000,11.100000,12.000000,11.000000,25.000000,0.040000,1,circular,1.200000,,,36.000000,hy8_runs\hy8-Culvert-11-hw5.00-28d123,hy8_runs\hy8-Culvert-11-hw5.00-28d123\circular_hy8-Culvert-11-hw5.00-28d123.rst,2
Culvert-11-hw5.00,1,17.000000,,0.241719,0.240000,12.370000,2.030000,1-S2n,0.000000,25.000000,17.000000,11.100000,12.000000,11.000000,25.000000,0.040000,1,circular,1.200000,,,36.000000,hy8_runs\hy8-Culvert-11-hw5.00-28d123,hy8_runs\hy8-Culvert-11-hw5.00-28d123\circular_hy8-Culvert-11-hw5.00-28d123.rst,3
Culvert-11-hw5.00,1,17.000000,,0.362578,0.360000,12.460000,2.290000,1-S2n,0.000000,25.000000,17.000000,11.100000,12.000000,11.000000,25.000000,0.040000,1,circular,1.200000,,,36.000000,hy8_runs\hy8-Culvert-11-hw5.00-28d123,hy8_runs\hy8-Culvert-11-hw5.00-28d123\circular_hy8-Culvert-11-hw5.00-28d123.rst,4
Culvert-11-hw5.00,1,17.000000,,0.483438,0.480000,12.530000,2.490000,1-S2n,0.000000,25.000000,17.000000,11.100000,12.000000,11.000000,25.000000,0.040000,1,circular,1.200000,,,36.000000,hy8_runs\hy8-Culvert-11-hw5.00-28d123,hy8_runs\hy8-Culvert-11-hw5.00-28d123\circular_hy8-Culvert-11-hw5.00-28d123.rst,5
Culvert-11-hw5.00,1,17.000000,,0.725157,0.730000,12.670000,2.800000,1-S2n,0.000000,25.000000,17.000000,11.100000,12.000000,11.000000,25.000000,0.040000,1,circular,1.200000,,,36.000000,hy8_runs\hy8-Culvert-11-hw5.00-28d123,hy8_runs\hy8-Culvert-11-hw5.00-28d123\circular_hy8-Culvert-11-hw5.00-28d123.rst,6
Culvert-11-hw5.00,1,17.000000,,1.450314,1.450000,13.030000,3.390000,1-S2n,0.000000,25.000000,17.000000,11.100000,12.000000,11.000000,25.000000,0.040000,1,circular,1.200000,,,36.000000,hy8_runs\hy8-Culvert-11-hw5.00-28d123,hy8_runs\hy8-Culvert-11-hw5.00-28d123\circular_hy8-Culvert-11-hw5.00-28d123.rst,7
Culvert-11-hw5.00,2,17.000000,,0.000000,0.000000,12.000000,0.000000,0-NF,0.000000,0.000000,17.000000,11.100000,12.000000,11.000000,25.000000,0.040000,1,circular,1.200000,,,36.000000,hy8_runs\hy8-Culvert-11-hw5.00-7b79cb,hy8_runs\hy8-Culvert-11-hw5.00-7b79cb\circular_hy8-Culvert-11-hw5.00-7b79cb.rst,1
Culvert-11-hw5.00,2,17.000000,,0.120859,0.120000,12.260000,1.660000,1-S2n,0.000000,25.000000,17.000000,11.100000,12.000000,11.000000,25.000000,0.040000,1,circular,1.200000,,,36.000000,hy8_runs\hy8-Culvert-11-hw5.00-7b79cb,hy8_runs\hy8-Culvert-11-hw5.00-7b79cb\circular_hy8-Culvert-11-hw5.00-7b79cb.rst,2
Culvert-11-hw5.00,2,17.000000,,0.241719,0.240000,12.370000,2.030000,1-S2n,0.000000,25.000000,17.000000,11.100000,12.000000,11.000000,25.000000,0.040000,1,circular,1.200000,,,36.000000,hy8_runs\hy8-Culvert-11-hw5.00-7b79cb,hy8_runs\hy8-Culvert-11-hw5.00-7b79cb\circular_hy8-Culvert-11-hw5.00-7b79cb.rst,3
Culvert-11-hw5.00,2,17.000000,,0.362578,0.360000,12.460000,2.290000,1-S2n,0.000000,25.000000,17.000000,11.100000,12.000000,11.000000,25.000000,0.040000,1,circular,1.200000,,,36.000000,hy8_runs\hy8-Culvert-11-hw5.00-7b79cb,hy8_runs\hy8-Culvert-11-hw5.00-7b79cb\circular_hy8-Culvert-11-hw5.00-7b79cb.rst,4
Culvert-11-hw5.00,2,17.000000,,0.483438,0.480000,12.530000,2.490000,1-S2n,0.000000,25.000000,17.000000,11.100000,12.000000,11.000000,25.000000,0.040000,1,circular,1.200000,,,36.000000,hy8_runs\hy8-Culvert-11-hw5.00-7b79cb,hy8_runs\hy8-Culvert-11-hw5.00-7b79cb\circular_hy8-Culvert-11-hw5.00-7b79cb.rst,5
Culvert-11-hw5.00,2,17.000000,,0.725157,0.730000,12.670000,2.800000,1-S2n,0.000000,25.000000,17.000000,11.100000,12.000000,11.000000,25.000000,0.040000,1,circular,1.200000,,,36.000000,hy8_runs\hy8-Culvert-11-hw5.00-7b79cb,hy8_runs\hy8-Culvert-11-hw5.00-7b79cb\circular_hy8-Culvert-11-hw5.00-7b79cb.rst,6
Culvert-11-hw5.00,2,17.000000,,1.450314,1.450000,13.030000,3.390000,1-S2n,0.000000,25.000000,17.000000,11.100000,12.000000,11.000000,25.000000,0.040000,1,circular,1.200000,,,36.000000,hy8_runs\hy8-Culvert-11-hw5.00-7b79cb,hy8_runs\hy8-Culvert-11-hw5.00-7b79cb\circular_hy8-Culvert-11-hw5.00-7b79cb.rst,7
Culvert-11-hw5.00,2,17.000000,,2.900628,2.900000,13.900000,3.970000,5-S2n,0.000000,25.000000,17.000000,11.100000,12.000000,11.000000,25.000000,0.040000,1,circular,1.200000,,,36.000000,hy8_runs\hy8-Culvert-11-hw5.00-7b79cb,hy8_runs\hy8-Culvert-11-hw5.00-7b79cb\circular_hy8-Culvert-11-hw5.00-7b79cb.rst,8
Culvert-11-hw5.00,3,17.000000,,0.000000,0.000000,12.000000,0.000000,0-NF,0.000000,0.000000,17.000000,11.100000,12.000000,11.000000,25.000000,0.040000,1,circular,1.200000,,,36.000000,hy8_runs\hy8-Culvert-11-hw5.00-0f0c42,hy8_runs\hy8-Culvert-11-hw5.00-0f0c42\circular_hy8-Culvert-11-hw5.00-0f0c42.rst,1
Culvert-11-hw5.00,3,17.000000,,0.120859,0.120000,12.260000,1.660000,1-S2n,0.000000,25.000000,17.000000,11.100000,12.000000,11.000000,25.000000,0.040000,1,circular,1.200000,,,36.000000,hy8_runs\hy8-Culvert-11-hw5.00-0f0c42,hy8_runs\hy8-Culvert-11-hw5.00-0f0c42\circular_hy8-Culvert-11-hw5.00-0f0c42.rst,2
Culvert-11-hw5.00,3,17.000000,,0.241719,0.240000,12.370000,2.030000,1-S2n,0.000000,25.000000,17.000000,11.100000,12.000000,11.000000,25.000000,0.040000,1,circular,1.200000,,,36.000000,hy8_runs\hy8-Culvert-11-hw5.00-0f0c42,hy8_runs\hy8-Culvert-11-hw5.00-0f0c42\circular_hy8-Culvert-11-hw5.00-0f0c42.rst,3
Culvert-11-hw5.00,3,17.000000,,0.362578,0.360000,12.460000,2.290000,1-S2n,0.000000,25.000000,17.000000,11.100000,12.000000,11.000000,25.000000,0.040000,1,circular,1.200000,,,36.000000,hy8_runs\hy8-Culvert-11-hw5.00-0f0c42,hy8_runs\hy8-Culvert-11-hw5.00-0f0c42\circular_hy8-Culvert-11-hw5.00-0f0c42.rst,4
Culvert-11-hw5.00,3,17.000000,,0.483438,0.480000,12.530000,2.490000,1-S2n,0.000000,25.000000,17.000000,11.100000,12.000000,11.000000,25.000000,0.040000,1,circular,1.200000,,,36.000000,hy8_runs\hy8-Culvert-11-hw5.00-0f0c42,hy8_runs\hy8-Culvert-11-hw5.00-0f0c42\circular_hy8-Culvert-11-hw5.00-0f0c42.rst,5
Culvert-11-hw5.00,3,17.000000,,0.725157,0.730000,12.670000,2.800000,1-S2n,0.000000,25.000000,17.000000,11.100000,12.000000,11.000000,25.000000,0.040000,1,circular,1.200000,,,36.000000,hy8_runs\hy8-Culvert-11-hw5.00-0f0c42,hy8_runs\hy8-Culvert-11-hw5.00-0f0c42\circular_hy8-Culvert-11-hw5.00-0f0c42.rst,6
Culvert-11-hw5.00,3,17.000000,,1.450314,1.450000,13.030000,3.390000,1-S2n,0.000000,25.000000,17.000000,11.100000,12.000000,11.000000,25.000000,0.040000,1,circular,1.200000,,,36.000000,hy8_runs\hy8-Culvert-11-hw5.00-0f0c42,hy8_runs\hy8-Culvert-11-hw5.00-0f0c42\circular_hy8-Culvert-11-hw5.00-0f0c42.rst,7
Culvert-11-hw5.00,3,17.000000,,2.900628,2.900000,13.900000,3.970000,5-S2n,0.000000,25.000000,17.000000,11.100000,12.000000,11.000000,25.000000,0.040000,1,circular,1.200000,,,36.000000,hy8_runs\hy8-Culvert-11-hw5.00-0f0c42,hy8_runs\hy8-Culvert-11-hw5.00-0f0c42\circular_hy8-Culvert-11-hw5.00-0f0c42.rst,8
Culvert-11-hw5.00,3,17.000000,,5.801256,5.800000,17.530000,5.410000,7-M2c,25.000000,0.000000,17.000000,11.100000,12.000000,11.000000,25.000000,0.040000,1,circular,1.200000,,,36.000000,hy8_runs\hy8-Culvert-11-hw5.00-0f0c42,hy8_runs\hy8-Culvert-11-hw5.00-0f0c42\circular_hy8-Culvert-11-hw5.00-0f0c42.rst,9
Culvert-11-Q5.00,0,12.000000,5.000000,0.000000,0.000000,12.000000,0.000000,0-NF,0.000000,0.000000,12.000000,11.100000,12.000000,11.000000,25.000000,0.040000,1,circular,1.200000,,,36.000000,hy8_runs\hy8-Culvert-11-Q5.00-a7bc6d,hy8_runs\hy8-Culvert-11-Q5.00-a7bc6d\circular_hy8-Culvert-11-Q5.00-a7bc6d.rst,1
Culvert-11-Q5.00,0,12.000000,5.000000,3.000000,3.000000,13.980000,4.060000,5-S2n,0.000000,25.000000,12.000000,11.100000,12.000000,11.000000,25.000000,0.040000,1,circular,1.200000,,,36.000000,hy8_runs\hy8-Culvert-11-Q5.00-a7bc6d,hy8_runs\hy8-Culvert-11-Q5.00-a7bc6d\circular_hy8-Culvert-11-Q5.00-a7bc6d.rst,2
Culvert-11-Q5.00,0,12.000000,5.000000,4.250000,4.250000,15.250000,4.240000,5-S2n,0.000000,25.000000,12.000000,11.100000,12.000000,11.000000,25.000000,0.040000,1,circular,1.200000,,,36.000000,hy8_runs\hy8-Culvert-11-Q5.00-a7bc6d,hy8_runs\hy8-Culvert-11-Q5.00-a7bc6d\circular_hy8-Culvert-11-Q5.00-a7bc6d.rst,3
Culvert-11-Q5.00,0,12.000000,5.000000,5.000000,5.000000,16.260000,4.510000,7-M2c,23.120000,1.880000,12.000000,11.100000,12.000000,11.000000,25.000000,0.040000,1,circular,1.200000,,,36.000000,hy8_runs\hy8-Culvert-11-Q5.00-a7bc6d,hy8_runs\hy8-Culvert-11-Q5.00-a7bc6d\circular_hy8-Culvert-11-Q5.00-a7bc6d.rst,4
Culvert-11-Q5.00,0,12.000000,5.000000,5.750000,5.750000,17.440000,5.150000,7-M2c,24.590000,0.410000,12.000000,11.100000,12.000000,11.000000,25.000000,0.040000,1,circular,1.200000,,,36.000000,hy8_runs\hy8-Culvert-11-Q5.00-a7bc6d,hy8_runs\hy8-Culvert-11-Q5.00-a7bc6d\circular_hy8-Culvert-11-Q5.00-a7bc6d.rst,5
Culvert-12-hw5.00,0,15.000000,,0.000000,0.000000,10.100000,0.000000,0-NF,0.000000,0.000000,15.000000,10.100000,10.000000,10.000000,20.000000,0.000000,1,circular,0.900000,,,28.000000,hy8_runs\hy8-Culvert-12-hw5.00-3eeda9,hy8_runs\hy8-Culvert-12-hw5.00-3eeda9\circular_hy8-Culvert-12-hw5.00-3eeda9.rst,1
Culvert-12-hw5.00,0,15.000000,,0.094526,0.090000,10.280000,1.090000,7-H2c,0.000000,20.000000,15.000000,10.100000,10.000000,10.000000,20.000000,0.000000,1,circular,0.900000,,,28.000000,hy8_runs\hy8-Culvert-12-hw5.00-3eeda9,hy8_runs\hy8-Culvert-12-hw5.00-3eeda9\circular_hy8-Culvert-12-hw5.00-3eeda9.rst,2
Culvert-12-hw5.00,0,15.000000,,0.189052,0.190000,10.390000,1.320000,7-H2c,0.000000,20.000000,15.000000,10.100000,10.000000,10.000000,20.000000,0.000000,1,circular,0.900000,,,28.000000,hy8_runs\hy8-Culvert-12-hw5.00-3eeda9,hy8_runs\hy8-Culvert-12-hw5.00-3eeda9\circular_hy8-Culvert-12-hw5.00-3eeda9.rst,3
Culvert-12-hw5.00,0,15.000000,,0.283579,0.280000,10.480000,1.480000,7-H2c,0.000000,20.000000,15.000000,10.100000,10.000000,10.000000,20.000000,0.000000,1,circular,0.900000,,,28.000000,hy8_runs\hy8-Culvert-12-hw5.00-3eeda9,hy8_runs\hy8-Culvert-12-hw5.00-3eeda9\circular_hy8-Culvert-12-hw5.00-3eeda9.rst,4
Culvert-12-hw5.00,0,15.000000,,0.378105,0.380000,10.560000,1.620000,7-H2c,0.000000,20.000000,15.000000,10.100000,10.000000,10.000000,20.000000,0.000000,1,circular,0.900000,,,28.000000,hy8_runs\hy8-Culvert-12-hw5.00-3eeda9,hy8_runs\hy8-Culvert-12-hw5.00-3eeda9\circular_hy8-Culvert-12-hw5.00-3eeda9.rst,5
Culvert-12-hw5.00,0,15.000000,,0.567157,0.570000,10.700000,1.840000,7-H2c,0.000000,20.000000,15.000000,10.100000,10.000000,10.000000,20.000000,0.000000,1,circular,0.900000,,,28.000000,hy8_runs\hy8-Culvert-12-hw5.00-3eeda9,hy8_runs\hy8-Culvert-12-hw5.00-3eeda9\circular_hy8-Culvert-12-hw5.00-3eeda9.rst,6
Culvert-12-hw5.00,1,15.000000,,0.000000,0.000000,10.100000,0.000000,0-NF,0.000000,0.000000,15.000000,10.100000,10.000000,10.000000,20.000000,0.000000,1,circular,0.900000,,,28.000000,hy8_runs\hy8-Culvert-12-hw5.00-e563ab,hy8_runs\hy8-Culvert-12-hw5.00-e563ab\circular_hy8-Culvert-12-hw5.00-e563ab.rst,1
Culvert-12-hw5.00,1,15.000000,,0.094526,0.090000,10.280000,1.090000,7-H2c,0.000000,20.000000,15.000000,10.100000,10.000000,10.000000,20.000000,0.000000,1,circular,0.900000,,,28.000000,hy8_runs\hy8-Culvert-12-hw5.00-e563ab,hy8_runs\hy8-Culvert-12-hw5.00-e563ab\circular_hy8-Culvert-12-hw5.00-e563ab.rst,2
Culvert-12-hw5.00,1,15.000000,,0.189052,0.190000,10.390000,1.320000,7-H2c,0.000000,20.000000,15.000000,10.100000,10.000000,10.000000,20.000000,0.000000,1,circular,0.900000,,,28.000000,hy8_runs\hy8-Culvert-12-hw5.00-e563ab,hy8_runs\hy8-Culvert-12-hw5.00-e563ab\circular_hy8-Culvert-12-hw5.00-e563ab.rst,3
Culvert-12-hw5.00,1,15.000000,,0.283579,0.280000,10.480000,1.480000,7-H2c,0.000000,20.000000,15.000000,10.100000,10.000000,10.000000,20.000000,0.000000,1,circular,0.900000,,,28.000000,hy8_runs\hy8-Culvert-12-hw5.00-e563ab,hy8_runs\hy8-Culvert-12-hw5.00-e563ab\circular_hy8-Culvert-12-hw5.00-e563ab.rst,4
Culvert-12-hw5.00,1,15.000000,,0.378105,0.380000,10.560000,1.620000,7-H2c,0.000000,20.000000,15.000000,10.100000,10.000000,10.000000,20.000000,0.000000,1,circular,0.900000,,,28.000000,hy8_runs\hy8-Culvert-12-hw5.00-e563ab,hy8_runs\hy8-Culvert-12-hw5.00-e563ab\circular_hy8-Culvert-12-hw5.00-e563ab.rst,5
Culvert-12-hw5.00,1,15.000000,,0.567157,0.570000,10.700000,1.840000,7-H2c,0.000000,20.000000,15.000000,10.100000,10.000000,10.000000,20.000000,0.000000,1,circular,0.900000,,,28.000000,hy8_runs\hy8-Culvert-12-hw5.00-e563ab,hy8_runs\hy8-Culvert-12-hw5.00-e563ab\circular_hy8-Culvert-12-hw5.00-e563ab.rst,6
Culvert-12-hw5.00,1,15.000000,,1.134314,1.130000,11.080000,2.380000,7-H2c,0.000000,20.000000,15.000000,10.100000,10.000000,10.000000,20.000000,0.000000,1,circular,0.900000,,,28.000000,hy8_runs\hy8-Culvert-12-hw5.00-e563ab,hy8_runs\hy8-Culvert-12-hw5.00-e563ab\circular_hy8-Culvert-12-hw5.00-e563ab.rst,7
Culvert-12-Q5.00,0,10.000000,5.000000,0.000000,0.000000,10.100000,0.000000,0-NF,0.000000,0.000000,10.000000,10.100000,10.000000,10.000000,20.000000,0.000000,1,circular,0.900000,,,28.000000,hy8_runs\hy8-Culvert-12-Q5.00-da3e27,hy8_runs\hy8-Culvert-12-Q5.00-da3e27\circular_hy8-Culvert-12-Q5.00-da3e27.rst,1
Culvert-12-Q5.00,0,10.000000,5.000000,3.000000,3.000000,13.560000,4.720000,7-H2t,0.000000,20.000000,10.000000,10.100000,10.000000,10.000000,20.000000,0.000000,1,circular,0.900000,,,28.000000,hy8_runs\hy8-Culvert-12-Q5.00-da3e27,hy8_runs\hy8-Culvert-12-Q5.00-da3e27\circular_hy8-Culvert-12-Q5.00-da3e27.rst,2
Culvert-12-Q5.00,0,10.000000,5.000000,4.250000,4.250000,16.690000,6.680000,7-H2t,0.000000,20.000000,10.000000,10.100000,10.000000,10.000000,20.000000,0.000000,1,circular,0.900000,,,28.000000,hy8_runs\hy8-Culvert-12-Q5.00-da3e27,hy8_runs\hy8-Culvert-12-Q5.00-da3e27\circular_hy8-Culvert-12-Q5.00-da3e27.rst,3
Culvert-12-Q5.00,0,10.000000,5.000000,5.000000,5.000000,19.090000,7.860000,7-H2t,0.000000,20.000000,10.000000,10.100000,10.000000,10.000000,20.000000,0.000000,1,circular,0.900000,,,28.000000,hy8_runs\hy8-Culvert-12-Q5.00-da3e27,hy8_runs\hy8-Culvert-12-Q5.00-da3e27\circular_hy8-Culvert-12-Q5.00-da3e27.rst,4
Culvert-12-Q5.00,0,10.000000,5.000000,5.750000,5.750000,21.870000,9.040000,7-H2t,0.000000,20.000000,10.000000,10.100000,10.000000,10.000000,20.000000,0.000000,1,circular,0.900000,,,28.000000,hy8_runs\hy8-Culvert-12-Q5.00-da3e27,hy8_runs\hy8-Culvert-12-Q5.00-da3e27\circular_hy8-Culvert-12-Q5.00-da3e27.rst,5
Culvert-13-hw5.00,0,305.000000,,0.000000,0.000000,300.000000,0.000000,0-NF,0.000000,0.000000,305.000000,299.200000,300.000000,299.000000,45.000000,0.022222,6,circular,1.200000,,,324.000000,hy8_runs\hy8-Culvert-13-hw5.00-e894d8,hy8_runs\hy8-Culvert-13-hw5.00-e894d8\circular_hy8-Culvert-13-hw5.00-e894d8.rst,1
Culvert-13-hw5.00,0,305.000000,,1.944856,1.940000,300.440000,1.800000,1-S2n,0.000000,45.000000,305.000000,299.200000,300.000000,299.000000,45.000000,0.022222,6,circular,1.200000,,,324.000000,hy8_runs\hy8-Culvert-13-hw5.00-e894d8,hy8_runs\hy8-Culvert-13-hw5.00-e894d8\circular_hy8-Culvert-13-hw5.00-e894d8.rst,2
Culvert-13-hw5.00,0,305.000000,,3.889711,3.890000,300.640000,2.190000,1-S2n,0.000000,45.000000,305.000000,299.200000,300.000000,299.000000,45.000000,0.022222,6,circular,1.200000,,,324.000000,hy8_runs\hy8-Culvert-13-hw5.00-e894d8,hy8_runs\hy8-Culvert-13-hw5.00-e894d8\circular_hy8-Culvert-13-hw5.00-e894d8.rst,3
Culvert-13-hw5.00,0,305.000000,,5.834567,5.830000,300.810000,2.460000,1-S2n,0.000000,45.000000,305.000000,299.200000,300.000000,299.000000,45.000000,0.022222,6,circular,1.200000,,,324.000000,hy8_runs\hy8-Culvert-13-hw5.00-e894d8,hy8_runs\hy8-Culvert-13-hw5.00-e894d8\circular_hy8-Culvert-13-hw5.00-e894d8.rst,4
Culvert-13-hw5.00,0,305.000000,,7.779422,7.780000,300.970000,2.650000,1-S2n,0.000000,45.000000,305.000000,299.200000,300.000000,299.000000,45.000000,0.022222,6,circular,1.200000,,,324.000000,hy8_runs\hy8-Culvert-13-hw5.00-e894d8,hy8_runs\hy8-Culvert-13-hw5.00-e894d8\circular_hy8-Culvert-13-hw5.00-e894d8.rst,5
Culvert-13-hw5.00,0,305.000000,,11.669133,11.670000,301.300000,2.930000,5-S2n,0.000000,45.000000,305.000000,299.200000,300.000000,299.000000,45.000000,0.022222,6,circular,1.200000,,,324.000000,hy8_runs\hy8-Culvert-13-hw5.00-e894d8,hy8_runs\hy8-Culvert-13-hw5.00-e894d8\circular_hy8-Culvert-13-hw5.00-e894d8.rst,6
Culvert-13-hw5.00,1,305.000000,,0.000000,0.000000,300.000000,0.000000,0-NF,0.000000,0.000000,305.000000,299.200000,300.000000,299.000000,45.000000,0.022222,6,circular,1.200000,,,324.000000,hy8_runs\hy8-Culvert-13-hw5.00-6bd46c,hy8_runs\hy8-Culvert-13-hw5.00-6bd46c\circular_hy8-Culvert-13-hw5.00-6bd46c.rst,1
Culvert-13-hw5.00,1,305.000000,,1.944856,1.940000,300.440000,1.800000,1-S2n,0.000000,45.000000,305.000000,299.200000,300.000000,299.000000,45.000000,0.022222,6,circular,1.200000,,,324.000000,hy8_runs\hy8-Culvert-13-hw5.00-6bd46c,hy8_runs\hy8-Culvert-13-hw5.00-6bd46c\circular_hy8-Culvert-13-hw5.00-6bd46c.rst,2
Culvert-13-hw5.00,1,305.000000,,3.889711,3.890000,300.640000,2.190000,1-S2n,0.000000,45.000000,305.000000,299.200000,300.000000,299.000000,45.000000,0.022222,6,circular,1.200000,,,324.000000,hy8_runs\hy8-Culvert-13-hw5.00-6bd46c,hy8_runs\hy8-Culvert-13-hw5.00-6bd46c\circular_hy8-Culvert-13-hw5.00-6bd46c.rst,3
Culvert-13-hw5.00,1,305.000000,,5.834567,5.830000,300.810000,2.460000,1-S2n,0.000000,45.000000,305.000000,299.200000,300.000000,299.000000,45.000000,0.022222,6,circular,1.200000,,,324.000000,hy8_runs\hy8-Culvert-13-hw5.00-6bd46c,hy8_runs\hy8-Culvert-13-hw5.00-6bd46c\circular_hy8-Culvert-13-hw5.00-6bd46c.rst,4
Culvert-13-hw5.00,1,305.000000,,7.779422,7.780000,300.970000,2.650000,1-S2n,0.000000,45.000000,305.000000,299.200000,300.000000,299.000000,45.000000,0.022222,6,circular,1.200000,,,324.000000,hy8_runs\hy8-Culvert-13-hw5.00-6bd46c,hy8_runs\hy8-Culvert-13-hw5.00-6bd46c\circular_hy8-Culvert-13-hw5.00-6bd46c.rst,5
Culvert-13-hw5.00,1,305.000000,,11.669133,11.670000,301.300000,2.930000,5-S2n,0.000000,45.000000,305.000000,299.200000,300.000000,299.000000,45.000000,0.022222,6,circular,1.200000,,,324.000000,hy8_runs\hy8-Culvert-13-hw5.00-6bd46c,hy8_runs\hy8-Culvert-13-hw5.00-6bd46c\circular_hy8-Culvert-13-hw5.00-6bd46c.rst,6
Culvert-13-hw5.00,1,305.000000,,23.338266,23.340000,302.840000,3.680000,7-M2c,38.540000,6.460000,305.000000,299.200000,300.000000,299.000000,45.000000,0.022222,6,circular,1.200000,,,324.000000,hy8_runs\hy8-Culvert-13-hw5.00-6bd46c,hy8_runs\hy8-Culvert-13-hw5.00-6bd46c\circular_hy8-Culvert-13-hw5.00-6bd46c.rst,7
Culvert-13-hw5.00,2,305.000000,,0.000000,0.000000,300.000000,0.000000,0-NF,0.000000,0.000000,305.000000,299.200000,300.000000,299.000000,45.000000,0.022222,6,circular,1.200000,,,324.000000,hy8_runs\hy8-Culvert-13-hw5.00-108993,hy8_runs\hy8-Culvert-13-hw5.00-108993\circular_hy8-Culvert-13-hw5.00-108993.rst,1
Culvert-13-hw5.00,2,305.000000,,1.944856,1.940000,300.440000,1.800000,1-S2n,0.000000,45.000000,305.000000,299.200000,300.000000,299.000000,45.000000,0.022222,6,circular,1.200000,,,324.000000,hy8_runs\hy8-Culvert-13-hw5.00-108993,hy8_runs\hy8-Culvert-13-hw5.00-108993\circular_hy8-Culvert-13-hw5.00-108993.rst,2
Culvert-13-hw5.00,2,305.000000,,3.889711,3.890000,300.640000,2.190000,1-S2n,0.000000,45.000000,305.000000,299.200000,300.000000,299.000000,45.000000,0.022222,6,circular,1.200000,,,324.000000,hy8_runs\hy8-Culvert-13-hw5.00-108993,hy8_runs\hy8-Culvert-13-hw5.00-108993\circular_hy8-Culvert-13-hw5.00-108993.rst,3
Culvert-13-hw5.00,2,305.000000,,5.834567,5.830000,300.810000,2.460000,1-S2n,0.000000,45.000000,305.000000,299.200000,300.000000,299.000000,45.000000,0.022222,6,circular,1.200000,,,324.000000,hy8_runs\hy8-Culvert-13-hw5.00-108993,hy8_runs\hy8-Culvert-13-hw5.00-108993\circular_hy8-Culvert-13-hw5.00-108993.rst,4
Culvert-13-hw5.00,2,305.000000,,7.779422,7.780000,300.970000,2.650000,1-S2n,0.000000,45.000000,305.000000,299.200000,300.000000,299.000000,45.000000,0.022222,6,circular,1.200000,,,324.000000,hy8_runs\hy8-Culvert-13-hw5.00-108993,hy8_runs\hy8-Culvert-13-hw5.00-108993\circular_hy8-Culvert-13-hw5.00-108993.rst,5
Culvert-13-hw5.00,2,305.000000,,11.669133,11.670000,301.300000,2.930000,5-S2n,0.000000,45.000000,305.000000,299.200000,300.000000,299.000000,45.000000,0.022222,6,circular,1.200000,,,324.000000,hy8_runs\hy8-Culvert-13-hw5.00-108993,hy8_runs\hy8-Culvert-13-hw5.00-108993\circular_hy8-Culvert-13-hw5.00-108993.rst,6
Culvert-13-hw5.00,2,305.000000,,23.338266,23.340000,302.840000,3.680000,7-M2c,38.540000,6.460000,305.000000,299.200000,300.000000,299.000000,45.000000,0.022222,6,circular,1.200000,,,324.000000,hy8_runs\hy8-Culvert-13-hw5.00-108993,hy8_runs\hy8-Culvert-13-hw5.00-108993\circular_hy8-Culvert-13-hw5.00-108993.rst,7
Culvert-13-hw5.00,2,305.000000,,46.676532,46.680000,310.850000,6.880000,6-FFc,45.010000,0.000000,305.000000,299.200000,300.000000,299.000000,45.000000,0.022222,6,circular,1.200000,,,324.000000,hy8_runs\hy8-Culvert-13-hw5.00-108993,hy8_runs\hy8-Culvert-13-hw5.00-108993\circular_hy8-Culvert-13-hw5.00-108993.rst,8
Culvert-13-Q25.00,0,300.000000,25.000000,0.000000,0.000000,300.000000,0.000000,0-NF,0.000000,0.000000,300.000000,299.200000,300.000000,299.000000,45.000000,0.022222,6,circular,1.200000,,,324.000000,hy8_runs\hy8-Culvert-13-Q25.00-0cc8d7,hy8_runs\hy8-Culvert-13-Q25.00-0cc8d7\circular_hy8-Culvert-13-Q25.00-0cc8d7.rst,1
Culvert-13-Q25.00,0,300.000000,25.000000,15.000000,15.000000,301.630000,3.090000,5-S2n,0.000000,45.000000,300.000000,299.200000,300.000000,299.000000,45.000000,0.022222,6,circular,1.200000,,,324.000000,hy8_runs\hy8-Culvert-13-Q25.00-0cc8d7,hy8_runs\hy8-Culvert-13-Q25.00-0cc8d7\circular_hy8-Culvert-13-Q25.00-0cc8d7.rst,2
Culvert-13-Q25.00,0,300.000000,25.000000,21.250000,21.250000,302.480000,3.450000,7-M2c,18.480000,26.520000,300.000000,299.200000,300.000000,299.000000,45.000000,0.022222,6,circular,1.200000,,,324.000000,hy8_runs\hy8-Culvert-13-Q25.00-0cc8d7,hy8_runs\hy8-Culvert-13-Q25.00-0cc8d7\circular_hy8-Culvert-13-Q25.00-0cc8d7.rst,3
Culvert-13-Q25.00,0,300.000000,25.000000,25.000000,25.000000,303.200000,3.870000,7-M2c,41.680000,3.320000,300.000000,299.200000,300.000000,299.000000,45.000000,0.022222,6,circular,1.200000,,,324.000000,hy8_runs\hy8-Culvert-13-Q25.00-0cc8d7,hy8_runs\hy8-Culvert-13-Q25.00-0cc8d7\circular_hy8-Culvert-13-Q25.00-0cc8d7.rst,4
Culvert-13-Q25.00,0,300.000000,25.000000,28.750000,28.750000,304.210000,4.350000,7-M2c,44.020000,0.980000,300.000000,299.200000,300.000000,299.000000,45.000000,0.022222,6,circular,1.200000,,,324.000000,hy8_runs\hy8-Culvert-13-Q25.00-0cc8d7,hy8_runs\hy8-Culvert-13-Q25.00-0cc8d7\circular_hy8-Culvert-13-Q25.00-0cc8d7.rst,5
